"HOLIDAY_DT","HOLIDAY_NM"
"20140104","配夸老"
"20140105","老夸老"
"20140111","配夸老"
"20140112","老夸老"
"20140118","配夸老"
"20140119","老夸老"
"20140125","配夸老"
"20140126","老夸老"
"20140201","配夸老"
"20140202","老夸老"
"20140208","配夸老"
"20140209","老夸老"
"20140215","配夸老"
"20140216","老夸老"
"20140222","配夸老"
"20140223","老夸老"
"20140301","配夸老"
"20140302","老夸老"
"20140308","配夸老"
"20140309","老夸老"
"20140315","配夸老"
"20140316","老夸老"
"20140322","配夸老"
"20140323","老夸老"
"20140329","配夸老"
"20140330","老夸老"
"20140405","配夸老"
"20140406","老夸老"
"20140412","配夸老"
"20140413","老夸老"
"20140419","配夸老"
"20140420","老夸老"
"20140426","配夸老"
"20140427","老夸老"
"20140503","配夸老"
"20140504","老夸老"
"20140510","配夸老"
"20140511","老夸老"
"20140517","配夸老"
"20140518","老夸老"
"20140524","配夸老"
"20140525","老夸老"
"20140531","配夸老"
"20140601","老夸老"
"20140607","配夸老"
"20140608","老夸老"
"20140614","配夸老"
"20140615","老夸老"
"20140621","配夸老"
"20140622","老夸老"
"20140628","配夸老"
"20140629","老夸老"
"20140705","配夸老"
"20140706","老夸老"
"20140712","配夸老"
"20140713","老夸老"
"20140719","配夸老"
"20140720","老夸老"
"20140726","配夸老"
"20140727","老夸老"
"20140802","配夸老"
"20140803","老夸老"
"20140809","配夸老"
"20140810","老夸老"
"20140816","配夸老"
"20140817","老夸老"
"20140823","配夸老"
"20140824","老夸老"
"20140830","配夸老"
"20140831","老夸老"
"20140906","配夸老"
"20140907","老夸老"
"20140913","配夸老"
"20140914","老夸老"
"20140920","配夸老"
"20140921","老夸老"
"20140927","配夸老"
"20140928","老夸老"
"20141004","配夸老"
"20141005","老夸老"
"20141011","配夸老"
"20141012","老夸老"
"20141018","配夸老"
"20141019","老夸老"
"20141025","配夸老"
"20141026","老夸老"
"20141101","配夸老"
"20141102","老夸老"
"20141108","配夸老"
"20141109","老夸老"
"20141115","配夸老"
"20141116","老夸老"
"20141122","配夸老"
"20141123","老夸老"
"20141129","配夸老"
"20141130","老夸老"
"20141206","配夸老"
"20141207","老夸老"
"20141213","配夸老"
"20141214","老夸老"
"20141220","配夸老"
"20141221","老夸老"
"20141227","配夸老"
"20141228","老夸老"
"20150103","配夸老"
"20150104","老夸老"
"20150110","配夸老"
"20150111","老夸老"
"20150117","配夸老"
"20150118","老夸老"
"20150124","配夸老"
"20150125","老夸老"
"20150131","配夸老"
"20150201","老夸老"
"20150207","配夸老"
"20150208","老夸老"
"20150214","配夸老"
"20150215","老夸老"
"20150221","配夸老"
"20150222","老夸老"
"20150228","配夸老"
"20150301","老夸老"
"20150307","配夸老"
"20150308","老夸老"
"20150314","配夸老"
"20150315","老夸老"
"20150321","配夸老"
"20150322","老夸老"
"20150328","配夸老"
"20150329","老夸老"
"20150404","配夸老"
"20150405","老夸老"
"20150411","配夸老"
"20150412","老夸老"
"20150418","配夸老"
"20150419","老夸老"
"20150425","配夸老"
"20150426","老夸老"
"20150502","配夸老"
"20150503","老夸老"
"20150509","配夸老"
"20150510","老夸老"
"20150516","配夸老"
"20150517","老夸老"
"20150523","配夸老"
"20150524","老夸老"
"20150530","配夸老"
"20150531","老夸老"
"20150606","配夸老"
"20150607","老夸老"
"20150613","配夸老"
"20150614","老夸老"
"20150620","配夸老"
"20150621","老夸老"
"20150627","配夸老"
"20150628","老夸老"
"20150704","配夸老"
"20150705","老夸老"
"20150711","配夸老"
"20150712","老夸老"
"20150718","配夸老"
"20150719","老夸老"
"20150725","配夸老"
"20150726","老夸老"
"20150801","配夸老"
"20150802","老夸老"
"20150808","配夸老"
"20150809","老夸老"
"20150815","配夸老"
"20150816","老夸老"
"20150822","配夸老"
"20150823","老夸老"
"20150829","配夸老"
"20150830","老夸老"
"20150905","配夸老"
"20150906","老夸老"
"20150912","配夸老"
"20150913","老夸老"
"20150919","配夸老"
"20150920","老夸老"
"20150926","配夸老"
"20150927","老夸老"
"20151003","配夸老"
"20151004","老夸老"
"20151010","配夸老"
"20151011","老夸老"
"20151017","配夸老"
"20151018","老夸老"
"20151024","配夸老"
"20151025","老夸老"
"20151031","配夸老"
"20151101","老夸老"
"20151107","配夸老"
"20151108","老夸老"
"20151114","配夸老"
"20151115","老夸老"
"20151121","配夸老"
"20151122","老夸老"
"20151128","配夸老"
"20151129","老夸老"
"20151205","配夸老"
"20151206","老夸老"
"20151212","配夸老"
"20151213","老夸老"
"20151219","配夸老"
"20151220","老夸老"
"20151226","配夸老"
"20151227","老夸老"
"20140101","荐夸老"
"20140130","格夸老"
"20140131","陛夸老"
"20140505","岿夸老"
"20140506","拳夸老"
"20140606","陛夸老"
"20140815","陛夸老"
"20140908","岿夸老"
"20140909","拳夸老"
"20140910","荐夸老"
"20141003","拳夸老"
"20141009","格夸老"
"20141225","格夸老"
"20151225","陛夸老"
"20150220","陛夸老"
"20150505","拳夸老"
"20150928","岿夸老"
"20150929","拳夸老"
"20151009","陛夸老"
"20150101","格夸老"
"20150218","荐夸老"
