고객번호,군집
00001,0
00007,1
00010,2
00011,2
00014,1
00015,2
00017,1
00018,2
00020,2
00022,2
00026,0
00029,1
00034,2
00039,2
00041,2
00043,2
00045,1
00046,2
00047,2
00050,2
00051,2
00052,1
00053,1
00054,2
00056,1
00058,0
00059,1
00061,2
00064,2
00065,1
00066,2
00068,2
00070,2
00073,2
00074,2
00077,2
00084,1
00087,2
00096,2
00097,2
00101,2
00102,2
00106,1
00109,2
00111,2
00113,1
00114,2
00116,2
00117,1
00120,1
00121,2
00123,2
00124,1
00125,1
00126,1
00127,2
00130,2
00132,2
00134,2
00138,1
00144,2
00146,2
00147,0
00149,1
00150,2
00152,0
00153,2
00154,2
00156,2
00159,1
00160,1
00161,2
00164,0
00168,0
00176,2
00177,2
00178,2
00179,1
00180,1
00183,0
00184,1
00186,1
00187,0
00190,0
00200,2
00205,2
00208,2
00209,0
00212,1
00216,2
00217,2
00219,1
00224,2
00225,2
00230,2
00231,2
00235,1
00239,0
00240,2
00247,2
00249,2
00251,0
00252,0
00253,2
00254,2
00255,0
00257,2
00259,1
00260,0
00261,2
00262,0
00263,2
00265,0
00267,0
00268,1
00269,2
00278,2
00279,1
00280,0
00283,0
00286,1
00296,0
00299,2
00300,2
00301,1
00302,1
00303,2
00307,2
00308,2
00310,2
00311,2
00313,0
00314,1
00316,0
00318,2
00319,1
00320,0
00321,1
00323,1
00325,0
00326,1
00327,0
00329,2
00331,0
00332,0
00335,1
00336,2
00338,2
00340,2
00342,2
00343,1
00344,2
00345,1
00347,1
00348,2
00349,1
00351,1
00359,2
00363,1
00365,1
00367,2
00369,1
00370,2
00374,1
00375,1
00382,0
00386,0
00388,2
00389,2
00393,1
00394,2
00396,2
00399,2
00400,1
00401,2
00402,0
00405,0
00407,1
00409,1
00411,1
00412,2
00414,0
00416,2
00417,2
00419,1
00423,0
00428,1
00429,2
00432,2
00433,0
00435,1
00436,1
00438,0
00440,0
00450,2
00451,0
00455,0
00457,1
00459,2
00462,0
00464,1
00465,2
00467,0
00468,2
00469,1
00473,2
00474,0
00475,2
00478,0
00481,0
00483,2
00486,0
00489,0
00495,1
00496,2
00499,2
00500,0
00502,0
00504,0
00505,2
00506,0
00508,1
00509,1
00510,1
00515,0
00516,2
00518,1
00520,1
00521,1
00523,2
00524,1
00525,0
00526,0
00529,2
00543,2
00544,2
00547,1
00548,0
00549,2
00553,1
00554,1
00556,2
00557,2
00559,2
00562,2
00565,2
00566,2
00567,1
00570,0
00571,0
00574,1
00578,2
00579,2
00583,1
00584,2
00588,2
00589,1
00596,1
00597,2
00601,0
00603,2
00604,0
00606,2
00611,1
00612,2
00613,0
00615,1
00619,2
00622,0
00624,2
00625,2
00628,2
00630,0
00631,0
00634,2
00635,2
00636,2
00639,1
00640,1
00643,0
00645,0
00646,2
00648,2
00650,2
00655,2
00657,2
00658,2
00661,1
00662,2
00664,0
00667,0
00668,2
00669,0
00670,2
00671,2
00672,2
00674,0
00676,0
00679,0
00681,0
00682,2
00683,2
00686,2
00687,1
00689,0
00699,2
00709,2
00710,2
00711,1
00713,0
00717,2
00720,2
00723,2
00727,0
00728,0
00729,2
00730,1
00731,2
00741,2
00742,0
00743,2
00749,2
00750,2
00751,2
00752,1
00754,2
00756,1
00759,0
00767,2
00769,0
00770,1
00771,0
00772,2
00773,2
00774,2
00777,1
00781,0
00782,2
00784,1
00789,0
00790,2
00791,0
00793,2
00795,2
00797,0
00798,2
00803,1
00804,2
00807,1
00810,0
00811,1
00815,2
00816,0
00824,2
00827,0
00828,2
00833,1
00835,1
00839,1
00842,2
00846,0
00847,1
00848,1
00852,2
00854,2
00862,2
00863,1
00864,2
00865,0
00868,2
00870,1
00871,2
00872,2
00874,1
00875,0
00876,2
00881,2
00883,1
00884,2
00889,0
00890,0
00894,1
00904,1
00907,0
00908,2
00909,2
00911,0
00912,0
00913,0
00920,2
00921,2
00922,2
00924,1
00925,2
00929,1
00930,2
00935,0
00942,2
00944,2
00945,2
00946,0
00947,1
00949,0
00952,0
00954,2
00960,2
00961,2
00963,1
00965,2
00966,1
00967,2
00970,2
00971,0
00972,1
00975,2
00976,2
00977,1
00979,2
00984,1
00988,2
00989,2
00990,0
00994,1
00995,2
00997,1
01000,2
01004,2
01006,1
01007,2
01008,2
01011,2
01013,0
01015,0
01016,1
01017,1
01018,0
01019,0
01020,2
01022,0
01023,2
01027,2
01030,2
01031,2
01034,2
01037,2
01038,0
01039,0
01042,2
01043,0
01044,0
01045,2
01047,2
01048,2
01049,0
01050,2
01051,2
01054,2
01058,0
01064,0
01065,0
01069,1
01070,2
01072,1
01074,2
01075,2
01077,0
01078,2
01079,2
01080,2
01082,2
01085,1
01089,2
01090,2
01092,1
01095,2
01096,2
01098,0
01099,2
01101,1
01102,2
01103,2
01105,2
01109,2
01110,2
01112,0
01117,0
01122,2
01123,0
01126,1
01128,2
01129,2
01131,1
01132,1
01133,1
01134,1
01137,1
01138,0
01140,2
01141,2
01142,0
01144,0
01145,2
01147,0
01152,2
01153,2
01155,2
01156,2
01157,1
01158,2
01162,2
01164,2
01165,0
01166,2
01167,0
01173,0
01176,0
01177,2
01181,2
01183,2
01186,1
01187,0
01192,2
01195,2
01198,2
01200,0
01202,2
01205,0
01209,2
01211,0
01215,1
01218,0
01222,2
01225,0
01226,1
01228,2
01229,2
01230,1
01232,0
01233,1
01234,2
01237,2
01241,2
01243,2
01245,1
01246,0
01247,0
01251,2
01252,2
01254,0
01263,1
01264,1
01266,0
01267,2
01272,2
01273,1
01274,0
01283,0
01284,0
01285,1
01286,2
01288,1
01293,2
01294,2
01295,2
01299,2
01301,2
01302,1
01303,2
01306,2
01310,0
01312,2
01313,0
01316,2
01317,2
01318,2
01320,2
01322,2
01323,2
01327,1
01328,2
01329,2
01331,2
01334,0
01335,2
01338,2
01342,2
01347,1
01348,2
01353,2
01355,2
01357,1
01358,2
01359,0
01363,0
01365,1
01366,2
01372,2
01373,2
01380,2
01383,2
01387,2
01388,2
01389,2
01391,2
01392,2
01395,2
01398,2
01399,2
01401,2
01403,0
01406,0
01411,1
01412,2
01414,2
01415,1
01417,2
01418,2
01421,2
01423,0
01424,0
01425,2
01427,2
01428,2
01430,0
01431,2
01432,2
01433,1
01435,2
01437,0
01438,1
01442,1
01443,0
01446,0
01447,2
01448,2
01449,2
01451,1
01454,2
01455,2
01458,1
01460,2
01462,0
01463,0
01467,0
01473,2
01476,1
01477,2
01480,1
01481,0
01482,2
01483,2
01484,0
01486,2
01490,2
01499,2
01501,1
01503,0
01505,0
01509,2
01511,2
01512,0
01513,1
01514,1
01515,1
01518,2
01519,0
01520,2
01521,0
01528,2
01532,2
01533,2
01534,2
01535,2
01537,2
01539,2
01546,2
01547,2
01548,1
01550,0
01552,2
01554,0
01556,2
01559,2
01560,2
01561,0
01562,2
01566,0
01577,2
01579,0
01580,0
01582,2
01583,1
01584,2
01585,2
01587,2
01593,2
01595,0
01597,2
01599,0
01600,2
01603,0
01606,2
01607,2
01609,1
01610,0
01612,2
01615,2
01620,2
01624,2
01625,2
01626,2
01627,2
01630,2
01633,2
01635,2
01637,1
01638,1
01641,2
01644,0
01647,1
01648,2
01649,2
01652,2
01654,0
01657,1
01662,0
01663,2
01664,2
01665,2
01671,2
01674,2
01677,2
01681,1
01682,1
01683,0
01684,0
01685,1
01687,2
01688,0
01691,2
01695,2
01699,2
01700,2
01701,2
01705,2
01706,2
01707,1
01709,2
01710,2
01713,0
01716,0
01717,2
01720,2
01721,2
01725,1
01727,2
01729,2
01733,2
01736,2
01738,1
01740,2
01746,1
01747,0
01749,2
01750,2
01751,2
01752,2
01757,2
01758,2
01759,1
01760,0
01764,0
01766,2
01771,2
01780,2
01781,1
01782,2
01783,1
01784,0
01785,2
01788,1
01789,1
01790,2
01791,1
01792,2
01795,2
01796,1
01797,2
01799,2
01802,1
01803,1
01805,2
01809,0
01810,0
01811,2
01814,2
01815,1
01818,2
01820,2
01821,2
01823,2
01824,2
01828,2
01829,1
01831,2
01833,2
01834,1
01835,2
01838,1
01839,2
01840,2
01842,1
01843,0
01848,2
01850,2
01852,0
01853,2
01855,0
01859,2
01860,2
01862,2
01864,0
01865,2
01867,0
01870,1
01872,2
01880,2
01882,2
01884,2
01885,1
01886,0
01889,2
01893,2
01895,2
01901,1
01902,0
01903,2
01905,2
01907,0
01909,2
01912,2
01913,2
01916,0
01917,2
01920,0
01921,0
01924,0
01928,0
01929,0
01930,2
01931,0
01933,2
01936,2
01937,2
01941,2
01942,1
01946,2
01950,2
01953,2
01956,2
01957,2
01958,2
01961,2
01963,0
01964,2
01965,2
01966,2
01973,2
01976,0
01983,2
01984,2
01987,0
01988,0
01990,2
01991,2
01992,0
01993,0
01995,0
01996,0
01997,2
01998,1
01999,2
02000,2
02002,1
02004,2
02006,1
02007,1
02008,1
02012,2
02014,2
02015,2
02018,2
02021,1
02026,2
02027,1
02029,0
02030,2
02031,2
02034,0
02035,1
02036,0
02040,1
02042,2
02045,2
02046,0
02049,0
02050,2
02053,2
02054,0
02056,2
02058,0
02059,2
02061,2
02062,0
02063,2
02064,2
02066,2
02070,1
02076,2
02078,2
02079,1
02080,2
02081,2
02083,2
02087,0
02088,2
02089,0
02090,2
02091,2
02092,2
02093,2
02095,2
02097,2
02098,2
02099,2
02102,1
02103,2
02104,2
02105,2
02106,2
02107,0
02110,2
02111,0
02114,2
02115,2
02116,1
02117,2
02120,0
02123,2
02126,1
02127,2
02129,2
02130,2
02133,2
02134,2
02136,1
02137,2
02139,1
02142,1
02146,2
02147,2
02150,0
02154,2
02155,2
02156,0
02157,0
02158,2
02160,2
02162,2
02168,0
02169,2
02171,1
02173,0
02174,2
02184,0
02185,0
02186,1
02193,2
02197,1
02198,2
02200,2
02202,1
02203,2
02205,1
02208,2
02209,2
02210,2
02212,2
02213,1
02214,0
02215,2
02216,0
02217,0
02219,2
02220,2
02222,0
02226,2
02230,1
02232,0
02233,0
02234,2
02237,2
02239,1
02240,2
02241,1
02242,2
02244,0
02249,0
02250,2
02252,2
02257,0
02259,0
02261,0
02262,1
02263,2
02264,2
02266,2
02271,2
02272,2
02276,0
02278,2
02281,2
02287,2
02289,2
02291,2
02292,2
02293,2
02295,2
02296,0
02299,2
02300,0
02303,2
02304,2
02306,0
02308,2
02309,0
02311,1
02315,2
02317,2
02318,2
02319,2
02322,2
02323,1
02325,2
02328,2
02331,0
02333,2
02334,1
02335,2
02336,0
02338,2
02340,1
02343,1
02346,2
02355,0
02356,2
02357,2
02358,2
02359,2
02361,1
02363,2
02364,2
02365,2
02367,2
02369,2
02370,1
02376,1
02379,2
02382,2
02385,2
02387,2
02388,2
02390,0
02391,0
02393,1
02394,0
02395,2
02397,2
02398,2
02403,2
02404,1
02406,2
02407,2
02410,2
02412,0
02413,0
02416,0
02417,2
02418,2
02422,1
02423,2
02424,0
02426,2
02427,0
02429,2
02432,0
02433,0
02434,1
02435,1
02439,1
02441,2
02445,2
02448,2
02449,1
02450,2
02451,1
02455,2
02456,1
02457,2
02458,1
02459,2
02461,2
02462,1
02463,0
02467,2
02468,2
02470,2
02471,1
02472,2
02473,2
02474,0
02476,2
02477,2
02479,2
02480,2
02481,1
02483,2
02484,0
02494,0
02495,0
02496,0
02499,1
02501,1
02503,2
02504,2
02507,2
02515,0
02516,2
02520,2
02521,1
02522,0
02523,0
02524,2
02526,0
02531,0
02534,1
02536,2
02539,1
02544,1
02548,2
02550,2
02551,2
02552,0
02555,2
02556,0
02558,2
02561,2
02562,2
02569,2
02570,2
02572,2
02573,1
02577,2
02578,2
02580,1
02581,1
02582,2
02584,2
02587,0
02592,2
02593,2
02594,2
02595,0
02596,2
02597,1
02600,2
02601,1
02602,2
02603,2
02604,0
02605,2
02608,0
02615,2
02616,1
02620,2
02624,2
02627,0
02628,2
02633,2
02634,2
02638,2
02641,1
02642,0
02643,0
02646,0
02647,2
02649,1
02653,1
02654,0
02656,1
02657,1
02659,2
02660,1
02663,2
02665,2
02666,2
02667,1
02669,1
02671,2
02674,2
02676,2
02677,1
02678,0
02679,2
02682,1
02683,2
02685,2
02686,0
02687,2
02688,2
02689,2
02693,2
02694,2
02695,2
02697,0
02700,1
02702,2
02704,2
02705,0
02706,2
02707,0
02711,2
02712,2
02715,2
02716,0
02720,1
02721,2
02726,1
02727,2
02731,2
02732,2
02735,2
02736,2
02737,0
02742,1
02746,2
02747,2
02748,2
02749,2
02751,1
02752,2
02755,2
02759,0
02760,1
02763,1
02766,2
02768,2
02770,2
02771,0
02774,1
02775,2
02776,0
02781,0
02786,0
02787,2
02789,2
02790,2
02793,2
02795,0
02797,0
02798,2
02799,2
02801,2
02807,2
02808,1
02809,1
02816,2
02817,0
02819,1
02820,1
02822,0
02823,2
02824,2
02826,2
02827,2
02828,2
02829,2
02830,1
02831,2
02832,2
02833,2
02834,1
02840,0
02844,2
02845,2
02846,2
02848,2
02850,2
02852,1
02855,0
02856,2
02858,2
02859,2
02861,2
02863,2
02865,2
02867,1
02868,0
02869,2
02870,2
02871,2
02874,2
02878,2
02879,2
02880,2
02881,2
02884,2
02885,2
02886,2
02887,2
02891,0
02892,1
02895,2
02898,0
02899,2
02901,2
02902,2
02903,2
02905,2
02906,0
02914,2
02916,2
02920,1
02924,0
02925,0
02929,2
02931,2
02932,2
02934,2
02936,2
02937,2
02938,2
02941,2
02942,2
02943,2
02948,2
02949,0
02953,0
02954,2
02955,2
02956,2
02958,2
02959,0
02961,2
02962,2
02965,2
02967,2
02969,0
02970,1
02971,0
02973,0
02975,2
02977,2
02978,1
02980,0
02983,2
02985,2
02986,2
02988,2
02990,2
02992,0
02995,2
02996,2
02997,2
02998,0
03005,2
03006,1
03007,2
03011,2
03012,0
03014,0
03015,2
03021,0
03022,2
03028,2
03029,2
03030,2
03031,2
03032,1
03035,2
03036,2
03039,2
03040,2
03041,2
03042,2
03047,2
03048,2
03051,0
03053,1
03054,2
03055,2
03057,2
03060,0
03061,2
03063,2
03064,2
03066,2
03067,0
03069,0
03074,2
03076,0
03077,2
03078,2
03081,1
03083,2
03086,1
03087,2
03090,2
03092,2
03093,2
03097,2
03101,2
03102,0
03103,2
03108,2
03109,2
03111,2
03112,0
03114,1
03115,2
03119,1
03123,0
03124,0
03125,2
03127,2
03128,1
03130,2
03135,0
03139,2
03140,2
03141,2
03142,2
03144,2
03154,1
03155,2
03157,2
03161,1
03163,2
03164,1
03167,2
03168,0
03171,2
03173,0
03176,2
03177,0
03178,2
03179,0
03180,2
03182,2
03184,2
03185,2
03189,2
03190,0
03192,2
03193,0
03195,0
03196,0
03197,2
03199,2
03200,0
03204,0
03207,0
03210,1
03211,2
03212,1
03213,0
03214,1
03215,0
03216,2
03217,1
03218,2
03221,1
03222,0
03224,2
03225,2
03226,2
03227,2
03228,0
03231,2
03232,2
03234,2
03237,2
03239,0
03242,2
03243,0
03246,1
03247,2
03251,2
03253,2
03259,0
03261,2
03263,2
03265,2
03266,2
03267,2
03268,0
03270,0
03272,0
03275,1
03276,2
03278,1
03279,1
03280,2
03284,2
03285,2
03286,2
03287,1
03288,0
03289,2
03291,1
03293,2
03295,1
03296,0
03297,1
03300,0
03301,2
03302,2
03303,1
03304,2
03305,0
03306,0
03307,2
03309,1
03310,0
03311,2
03314,2
03316,2
03323,0
03326,2
03328,0
03329,2
03331,2
03332,1
03333,2
03334,2
03335,2
03337,2
03343,1
03348,2
03349,2
03351,1
03355,2
03356,1
03359,0
03361,2
03364,0
03365,0
03366,2
03368,2
03370,2
03371,0
03374,2
03376,0
03377,2
03378,2
03379,0
03380,2
03381,2
03382,2
03386,0
03388,0
03392,2
03395,1
03399,0
03403,2
03405,1
03408,0
03409,2
03410,2
03411,0
03412,2
03414,2
03415,2
03418,2
03419,0
03420,2
03421,2
03423,2
03424,0
03425,2
03429,1
03432,0
03435,0
03436,2
03437,1
03438,0
03439,2
03442,0
03444,2
03447,2
03450,2
03451,2
03453,2
03454,0
03457,0
03460,2
03461,0
03462,2
03467,1
03469,0
03471,2
03473,2
03475,2
03476,2
03479,2
03480,2
03481,2
03482,0
03483,2
03485,0
03487,0
03488,2
03491,0
03492,1
03493,2
03496,0
03502,0
03506,2
03508,2
03509,2
03510,0
03512,1
03514,2
03518,0
03520,2
03521,2
03524,2
03525,2
03528,2
03529,2
03538,2
03540,2
03541,0
03544,2
03545,2
03549,2
03551,2
03553,0
03555,1
03556,0
03558,0
03560,0
03562,0
03563,2
03566,1
03568,2
03569,0
03570,2
03572,2
03573,2
03574,2
03583,2
03584,0
03588,2
03589,0
03590,2
03591,2
03593,2
03594,2
03595,2
03596,2
03599,2
03600,1
03602,0
03603,2
03604,2
03610,2
03614,1
03618,2
03619,2
03620,2
03625,0
03631,2
03632,1
03633,2
03635,2
03636,0
03637,0
03638,2
03640,2
03644,2
03646,2
03654,0
03657,1
03658,2
03661,2
03662,1
03668,0
03669,0
03673,2
03678,0
03680,2
03681,2
03682,2
03683,1
03685,1
03688,0
03689,1
03691,2
03692,2
03693,0
03694,2
03695,2
03698,2
03699,2
03702,2
03703,2
03704,2
03707,2
03709,2
03710,1
03714,0
03715,0
03716,2
03717,0
03721,2
03723,0
03726,1
03728,2
03729,0
03740,2
03741,2
03744,0
03745,2
03747,2
03748,0
03751,2
03755,2
03759,2
03760,2
03765,2
03766,2
03768,2
03769,2
03773,2
03774,1
03775,2
03776,2
03777,2
03780,0
03781,2
03782,2
03789,0
03792,2
03794,2
03797,0
03798,0
03801,0
03802,2
03808,2
03809,1
03812,0
03815,2
03816,2
03819,1
03823,2
03824,2
03826,0
03827,1
03830,2
03831,0
03833,0
03836,0
03837,2
03838,0
03839,2
03843,2
03846,2
03848,2
03849,2
03852,2
03855,2
03856,2
03860,0
03863,1
03865,2
03866,0
03867,2
03868,0
03869,2
03871,2
03872,2
03874,2
03880,2
03883,2
03890,0
03891,0
03894,2
03896,2
03899,2
03902,2
03908,0
03911,0
03912,2
03915,0
03916,2
03919,2
03920,2
03921,2
03922,1
03923,2
03924,0
03925,2
03930,2
03934,0
03935,0
03939,2
03940,0
03941,2
03942,2
03943,2
03947,2
03951,2
03956,2
03958,2
03959,2
03960,2
03961,2
03962,2
03969,2
03972,0
03973,0
03976,2
03978,0
03980,2
03981,2
03985,2
03988,1
03990,2
03991,0
03992,2
03993,2
03994,2
03995,2
03997,0
04000,2
04001,0
04003,0
04005,2
04007,2
04011,2
04012,0
04020,0
04021,1
04022,2
04023,0
04024,2
04026,0
04027,2
04028,2
04029,1
04031,2
04034,1
04037,0
04038,2
04041,1
04051,2
04054,0
04058,0
04059,2
04061,1
04062,2
04063,2
04064,2
04065,0
04067,0
04068,2
04069,2
04072,0
04073,0
04082,1
04083,1
04085,0
04088,2
04090,0
04091,1
04094,0
04100,2
04101,1
04103,2
04104,2
04105,2
04108,0
04109,0
04110,2
04111,2
04117,0
04120,2
04121,0
04122,1
04123,2
04126,2
04127,0
04129,2
04131,1
04134,2
04135,1
04136,1
04138,2
04139,1
04141,2
04142,0
04144,2
04145,2
04147,2
04153,2
04154,2
04155,1
04157,2
04158,2
04159,2
04160,2
04161,2
04162,2
04166,2
04167,2
04168,2
04170,2
04172,0
04174,2
04176,2
04178,0
04179,2
04180,2
04181,0
04182,1
04187,2
04188,1
04192,2
04193,1
04197,0
04198,2
04201,1
04204,2
04205,0
04207,0
04208,2
04209,2
04210,1
04211,2
04215,2
04221,2
04224,2
04226,1
04227,0
04228,0
04229,1
04231,2
04232,1
04233,0
04235,0
04242,2
04243,2
04244,2
04250,2
04251,0
04254,2
04256,2
04260,0
04262,2
04268,2
04270,0
04271,2
04273,1
04274,1
04277,0
04278,2
04279,2
04285,2
04287,2
04289,2
04294,2
04296,2
04298,2
04299,2
04300,2
04301,2
04303,2
04304,2
04309,0
04310,2
04313,2
04316,2
04318,0
04320,2
04323,0
04324,2
04326,1
04330,2
04331,2
04332,2
04335,2
04337,2
04338,1
04340,2
04341,2
04342,0
04343,2
04344,1
04350,0
04351,2
04356,1
04357,2
04358,2
04359,2
04361,0
04362,0
04363,2
04368,1
04369,2
04371,2
04376,2
04378,0
04380,2
04383,2
04384,0
04385,2
04387,0
04388,1
04389,0
04390,2
04392,2
04393,2
04394,0
04396,2
04397,2
04398,2
04400,2
04404,2
04405,2
04406,2
04410,0
04412,1
04417,0
04418,2
04421,2
04426,2
04427,1
04431,0
04434,2
04438,2
04441,2
04444,2
04445,2
04451,2
04452,2
04453,2
04456,2
04459,2
04460,2
04462,2
04463,2
04464,2
04466,0
04475,0
04476,1
04483,2
04484,2
04487,0
04488,2
04489,2
04490,2
04492,2
04493,2
04494,2
04495,2
04498,0
04499,1
04503,2
04506,2
04512,0
04514,0
04516,2
04517,0
04523,1
04525,2
04526,2
04527,2
04530,2
04531,2
04532,0
04533,2
04536,0
04540,2
04544,2
04546,0
04550,0
04553,2
04556,2
04558,2
04560,2
04564,2
04568,2
04571,2
04572,2
04574,0
04575,0
04576,0
04578,2
04581,2
04582,2
04587,2
04588,0
04590,2
04592,0
04593,2
04597,0
04601,2
04602,2
04605,2
04607,1
04608,2
04610,1
04615,2
04617,1
04618,1
04619,2
04620,0
04622,2
04626,2
04627,2
04630,2
04631,2
04633,1
04635,2
04638,2
04639,2
04640,1
04644,2
04649,0
04650,0
04653,0
04656,0
04658,0
04663,2
04664,1
04666,0
04667,0
04668,2
04669,2
04677,0
04681,0
04686,0
04687,2
04690,2
04691,2
04692,2
04693,2
04698,1
04700,2
04701,0
04702,0
04703,2
04704,2
04705,1
04707,2
04708,2
04711,0
04712,2
04713,2
04714,0
04715,2
04717,2
04719,2
04722,0
04723,2
04724,2
04729,1
04733,2
04734,0
04738,0
04740,1
04741,1
04745,2
04748,0
04752,2
04754,2
04758,2
04761,2
04765,1
04767,2
04768,2
04770,2
04771,2
04774,2
04775,2
04776,2
04778,1
04780,2
04781,1
04782,1
04785,2
04789,2
04790,2
04791,0
04792,2
04793,2
04795,2
04796,2
04797,2
04804,2
04807,2
04808,2
04810,1
04811,1
04812,2
04813,2
04815,2
04818,2
04819,2
04821,0
04826,2
04828,0
04829,0
04830,1
04838,1
04841,2
04843,0
04844,2
04845,2
04849,2
04851,1
04853,1
04858,1
04861,2
04862,1
04863,2
04867,2
04868,2
04869,2
04870,2
04871,2
04876,2
04877,2
04881,0
04883,0
04886,2
04888,1
04889,1
04891,0
04892,0
04894,2
04896,2
04897,2
04900,1
04902,2
04907,1
04910,0
04911,2
04917,2
04919,2
04921,2
04922,1
04924,2
04928,2
04931,0
04935,0
04936,0
04939,2
04940,0
04941,0
04943,2
04954,1
04955,1
04957,2
04958,2
04961,2
04965,2
04968,0
04974,2
04975,0
04977,2
04978,2
04980,1
04981,1
04983,2
04986,2
04989,0
04991,2
04992,2
04993,2
04994,2
04995,2
04997,2
04999,2
05002,2
05003,2
05005,0
05010,2
05012,2
05013,0
05023,2
05024,2
05026,1
05028,1
05029,2
05030,1
05031,2
05032,2
05036,2
05042,2
05044,2
05046,2
05048,0
05049,2
05050,2
05051,0
05052,2
05053,2
05054,2
05057,0
05058,1
05062,0
05063,2
05064,2
05069,2
05072,0
05075,0
05078,2
05080,1
05081,2
05087,2
05091,1
05092,2
05095,2
05099,2
05103,2
05104,2
05106,2
05108,1
05111,2
05116,2
05118,2
05119,2
05120,2
05121,2
05123,2
05124,1
05126,2
05131,2
05135,2
05136,2
05141,2
05142,0
05143,0
05145,0
05147,2
05151,0
05152,2
05155,1
05156,2
05159,2
05165,1
05166,0
05167,2
05169,1
05171,0
05173,2
05176,0
05184,2
05189,2
05191,2
05194,1
05200,0
05201,2
05202,0
05203,0
05205,1
05208,2
05210,2
05211,1
05212,2
05217,0
05221,2
05223,0
05225,1
05227,0
05235,0
05236,2
05238,0
05239,1
05240,2
05244,2
05248,2
05249,2
05250,2
05251,2
05252,2
05255,2
05257,2
05258,1
05259,2
05260,1
05264,2
05265,0
05269,1
05270,0
05273,1
05277,2
05278,2
05279,0
05281,1
05285,1
05287,0
05292,2
05293,2
05297,0
05299,0
05300,2
05301,0
05302,0
05305,2
05308,2
05310,0
05313,2
05317,1
05319,2
05320,2
05322,2
05323,0
05327,2
05330,0
05332,1
05335,2
05336,2
05337,2
05339,2
05340,2
05341,1
05343,2
05345,2
05348,0
05351,2
05352,0
05353,2
05355,2
05356,1
05359,2
05360,2
05362,2
05363,2
05365,2
05366,2
05367,2
05370,0
05371,2
05373,2
05374,2
05381,2
05383,2
05386,0
05388,2
05389,2
05391,0
05393,0
05394,2
05395,2
05405,2
05407,2
05408,0
05413,2
05415,0
05417,2
05419,1
05421,1
05422,2
05423,2
05425,0
05426,2
05427,2
05428,2
05429,2
05430,2
05432,2
05433,2
05434,2
05435,2
05437,1
05438,2
05442,2
05447,2
05449,2
05450,1
05452,2
05453,2
05455,2
05456,2
05457,1
05460,2
05463,2
05464,2
05465,2
05468,1
05470,0
05471,2
05472,2
05473,2
05474,2
05475,2
05479,2
05480,2
05481,2
05482,0
05489,2
05491,0
05493,2
05496,0
05499,1
05500,2
05502,0
05504,1
05508,2
05509,2
05513,2
05516,0
05527,2
05528,2
05530,2
05534,2
05536,1
05538,2
05540,2
05545,2
05546,0
05547,2
05548,2
05550,2
05552,1
05553,2
05555,2
05556,2
05560,2
05561,0
05562,2
05565,0
05566,2
05570,0
05573,0
05581,2
05582,2
05584,2
05588,2
05589,2
05591,2
05592,1
05594,0
05595,2
05600,2
05601,1
05603,2
05604,2
05605,2
05607,0
05611,2
05612,2
05616,2
05617,0
05619,1
05623,2
05624,2
05626,2
05627,2
05628,2
05629,2
05630,2
05632,2
05634,2
05635,2
05639,0
05641,2
05643,1
05644,1
05645,0
05647,2
05648,2
05650,2
05651,2
05653,2
05655,1
05656,2
05657,0
05658,1
05661,1
05666,2
05669,1
05670,0
05671,2
05678,1
05681,1
05682,0
05683,1
05684,0
05687,2
05689,2
05690,2
05693,1
05696,2
05697,2
05705,2
05707,0
05713,2
05715,0
05716,2
05719,2
05722,1
05723,2
05725,1
05726,1
05731,2
05732,0
05734,2
05736,0
05739,2
05742,1
05745,2
05747,2
05750,2
05751,2
05752,1
05753,2
05760,1
05762,2
05763,2
05766,2
05767,2
05770,1
05771,2
05772,2
05775,2
05776,2
05780,2
05781,2
05784,1
05787,0
05788,2
05789,2
05792,1
05794,0
05795,2
05797,2
05798,2
05800,2
05803,2
05807,2
05808,0
05809,2
05810,1
05812,2
05813,2
05814,2
05815,2
05817,1
05819,0
05821,0
05822,2
05823,0
05827,2
05828,2
05829,0
05830,0
05831,2
05833,2
05835,1
05837,2
05838,2
05842,0
05847,0
05848,0
05849,2
05851,1
05852,2
05853,2
05854,2
05858,2
05862,2
05863,2
05866,2
05867,2
05868,2
05870,1
05873,2
05874,2
05876,2
05877,2
05878,1
05879,2
05881,1
05883,0
05884,2
05887,2
05891,2
05892,2
05894,0
05898,1
05899,0
05903,2
05904,2
05905,2
05906,2
05907,2
05911,2
05918,2
05919,2
05922,0
05924,2
05925,2
05933,2
05934,0
05937,2
05942,1
05945,2
05946,2
05950,0
05951,2
05952,2
05954,1
05956,0
05957,1
05961,2
05962,2
05963,0
05965,2
05967,1
05970,1
05971,0
05973,2
05974,2
05975,1
05977,2
05978,0
05979,2
05981,1
05982,2
05983,2
05984,2
05985,2
05986,2
05987,0
05988,2
05990,1
05991,2
05992,2
05995,2
05996,2
05997,0
06001,0
06002,2
06005,1
06006,2
06008,0
06012,2
06015,0
06017,2
06020,2
06021,0
06023,0
06025,2
06029,1
06030,0
06032,2
06035,2
06036,2
06037,2
06038,0
06041,2
06042,0
06045,2
06046,2
06047,0
06050,0
06051,2
06052,2
06053,2
06056,0
06059,2
06060,2
06064,0
06065,2
06066,2
06069,2
06070,2
06077,2
06079,0
06084,2
06088,2
06089,2
06091,2
06096,0
06097,2
06099,2
06104,2
06107,0
06109,0
06111,2
06114,2
06116,2
06121,2
06128,0
06129,2
06130,2
06135,2
06138,2
06139,2
06142,0
06143,2
06148,2
06149,2
06150,2
06155,2
06158,2
06161,2
06162,0
06166,2
06168,1
06175,2
06185,1
06188,2
06192,2
06193,2
06197,2
06198,2
06199,2
06202,1
06207,2
06211,2
06213,0
06216,0
06217,2
06218,0
06219,2
06222,0
06223,0
06224,0
06226,1
06228,1
06232,2
06234,2
06235,2
06236,1
06240,2
06242,2
06247,2
06252,0
06255,0
06257,2
06258,1
06259,2
06260,2
06263,2
06265,0
06266,0
06269,0
06270,2
06274,2
06275,2
06279,1
06282,0
06285,2
06287,1
06290,1
06294,0
06296,2
06297,0
06299,1
06301,0
06302,2
06303,2
06304,1
06305,2
06307,0
06309,2
06310,0
06311,1
06312,2
06313,2
06314,2
06315,2
06316,2
06318,2
06320,2
06321,1
06322,2
06323,1
06324,2
06325,0
06329,2
06330,2
06334,2
06335,1
06336,2
06337,2
06339,2
06340,2
06342,2
06343,0
06344,2
06346,2
06347,2
06352,1
06355,0
06357,2
06358,0
06360,0
06361,1
06362,1
06364,2
06366,0
06367,2
06372,1
06375,1
06376,1
06379,2
06380,0
06381,2
06382,2
06383,2
06386,0
06388,1
06390,2
06391,2
06393,2
06394,0
06399,2
06400,1
06401,2
06403,0
06404,2
06408,2
06409,0
06411,2
06419,2
06421,2
06423,2
06424,2
06427,2
06428,2
06431,1
06432,2
06435,1
06436,1
06437,2
06439,2
06440,1
06441,1
06442,2
06443,1
06446,2
06448,1
06449,0
06450,1
06453,2
06454,0
06456,2
06457,2
06464,0
06466,0
06472,0
06475,0
06476,2
06478,2
06480,1
06483,1
06485,0
06486,2
06488,2
06489,0
06490,1
06494,2
06495,2
06496,2
06497,2
06501,2
06502,2
06503,2
06507,2
06509,2
06510,1
06513,1
06514,2
06516,0
06520,2
06523,1
06524,2
06527,2
06528,1
06532,2
06536,2
06539,2
06540,2
06545,2
06546,1
06548,2
06553,2
06555,0
06556,2
06557,0
06559,2
06560,2
06561,0
06563,0
06564,2
06566,1
06571,1
06572,2
06574,2
06579,2
06580,2
06581,2
06582,2
06583,2
06584,2
06585,0
06586,1
06591,1
06593,1
06594,2
06595,2
06598,2
06599,2
06600,1
06601,2
06603,2
06604,2
06609,2
06610,0
06611,2
06612,0
06614,2
06615,2
06618,0
06621,2
06625,2
06626,1
06629,0
06632,0
06636,2
06638,0
06643,2
06645,2
06647,0
06651,2
06653,0
06654,0
06655,1
06656,1
06658,0
06661,0
06663,2
06664,0
06665,2
06667,2
06669,1
06671,2
06672,2
06674,2
06677,2
06678,0
06680,2
06681,1
06683,1
06684,2
06685,2
06689,0
06690,0
06691,0
06693,2
06695,0
06702,2
06708,0
06709,0
06714,2
06715,1
06718,1
06720,2
06721,2
06722,2
06723,1
06725,2
06726,2
06727,2
06728,1
06729,2
06730,0
06731,2
06732,2
06736,0
06737,2
06740,1
06741,2
06744,2
06745,2
06746,2
06749,0
06750,2
06752,0
06754,2
06757,2
06761,1
06771,2
06774,2
06775,2
06777,2
06779,2
06782,0
06785,1
06786,2
06787,2
06788,2
06789,2
06790,2
06791,0
06793,0
06794,1
06798,2
06799,2
06801,2
06802,2
06805,2
06806,1
06808,2
06811,2
06814,0
06815,1
06818,2
06819,2
06824,2
06830,2
06832,1
06833,1
06834,2
06844,0
06845,1
06849,2
06855,2
06856,2
06857,2
06860,2
06862,2
06863,1
06864,2
06865,2
06867,1
06869,2
06871,2
06874,0
06875,2
06880,2
06881,2
06883,2
06884,0
06885,0
06888,0
06890,0
06891,0
06893,2
06896,2
06897,2
06903,2
06904,2
06905,2
06906,1
06908,2
06909,2
06913,2
06916,1
06919,2
06922,2
06923,2
06924,1
06925,2
06928,2
06929,2
06930,2
06931,1
06933,2
06934,2
06936,2
06938,0
06939,1
06940,2
06942,2
06943,2
06946,2
06948,2
06949,2
06951,2
06952,2
06954,2
06958,0
06961,0
06962,0
06965,1
06966,1
06967,2
06970,1
06971,2
06973,2
06974,0
06980,2
06982,2
06983,2
06986,2
06988,2
06989,2
06993,2
06994,2
06995,0
06997,0
06999,0
07004,2
07008,2
07010,0
07011,0
07013,1
07014,2
07017,2
07018,0
07020,2
07021,1
07022,2
07023,2
07024,0
07026,2
07029,1
07036,2
07037,2
07043,2
07044,2
07051,1
07052,2
07053,1
07054,2
07055,2
07056,2
07060,2
07061,2
07063,1
07066,2
07068,2
07069,0
07070,2
07075,2
07076,2
07082,2
07083,2
07084,1
07085,2
07089,2
07092,2
07095,2
07097,2
07099,2
07103,0
07112,2
07116,1
07117,2
07120,2
07121,0
07122,2
07124,2
07129,2
07130,2
07131,0
07133,0
07135,0
07137,0
07141,0
07143,1
07144,2
07147,2
07148,2
07149,2
07150,2
07152,0
07158,0
07159,0
07162,0
07167,1
07169,0
07171,2
07172,2
07173,1
07174,0
07178,1
07181,0
07182,2
07183,2
07186,2
07187,2
07195,2
07199,2
07200,2
07202,0
07206,2
07207,2
07209,2
07211,2
07212,2
07215,0
07218,2
07219,0
07221,2
07224,2
07226,2
07228,2
07230,2
07231,1
07232,2
07239,0
07240,0
07241,0
07243,2
07244,0
07247,2
07248,2
07249,2
07253,2
07255,1
07257,0
07258,2
07259,2
07262,0
07264,2
07265,2
07266,2
07267,0
07271,2
07274,1
07276,2
07279,2
07280,1
07282,2
07286,2
07287,2
07297,2
07298,0
07299,2
07300,2
07301,1
07303,2
07305,2
07307,2
07309,0
07312,1
07315,2
07317,1
07318,2
07320,0
07321,0
07323,2
07324,2
07327,1
07330,0
07335,1
07344,1
07345,0
07346,0
07347,0
07348,2
07349,2
07350,2
07361,0
07362,2
07363,0
07369,2
07371,2
07374,2
07380,2
07381,0
07382,2
07383,1
07387,1
07389,2
07391,2
07392,2
07393,2
07394,0
07395,0
07396,1
07398,2
07399,2
07401,2
07404,2
07410,2
07411,2
07412,2
07413,1
07418,1
07419,1
07426,2
07431,2
07433,0
07434,2
07436,2
07438,2
07439,2
07441,0
07442,0
07445,2
07447,1
07449,2
07452,2
07453,2
07462,0
07463,2
07471,2
07473,2
07475,2
07476,2
07478,2
07479,1
07480,1
07481,2
07483,1
07484,2
07485,2
07486,2
07488,0
07489,0
07490,1
07492,1
07499,2
07501,0
07502,2
07509,1
07514,1
07515,2
07517,0
07518,2
07520,0
07521,2
07524,2
07525,2
07527,2
07530,0
07531,1
07535,2
07540,2
07542,2
07544,0
07552,2
07553,2
07555,1
07556,2
07557,2
07558,1
07559,2
07562,2
07566,2
07568,2
07570,1
07571,2
07572,2
07573,0
07576,2
07578,0
07579,2
07586,0
07587,2
07588,0
07593,1
07594,1
07595,2
07596,2
07599,2
07600,2
07601,0
07602,2
07611,0
07612,2
07613,2
07615,2
07616,2
07618,2
07620,2
07623,1
07626,1
07627,1
07628,2
07632,2
07635,0
07638,0
07639,2
07640,2
07644,2
07646,2
07648,2
07649,2
07651,0
07654,2
07656,1
07659,2
07660,2
07661,2
07665,0
07667,2
07668,2
07669,0
07670,2
07671,1
07672,2
07675,2
07686,0
07687,2
07689,2
07690,1
07691,0
07692,2
07694,1
07697,2
07700,2
07703,0
07704,1
07709,2
07711,2
07712,2
07715,1
07718,2
07719,2
07722,2
07723,0
07725,0
07726,0
07727,2
07728,2
07737,2
07738,1
07741,1
07742,2
07744,1
07745,0
07747,2
07749,0
07750,2
07754,2
07755,2
07761,1
07766,2
07770,2
07773,1
07778,2
07779,0
07783,2
07786,0
07788,2
07790,2
07794,2
07796,2
07797,2
07798,2
07799,2
07802,1
07803,0
07804,2
07809,2
07811,2
07819,2
07821,2
07824,1
07825,0
07827,2
07832,1
07833,2
07837,1
07839,0
07842,2
07844,2
07847,1
07850,1
07851,1
07852,2
07854,2
07857,0
07858,0
07859,0
07860,2
07861,0
07862,2
07864,2
07865,2
07867,1
07868,2
07869,2
07870,2
07871,0
07873,1
07875,1
07882,0
07883,2
07884,2
07886,2
07887,2
07888,1
07894,0
07896,0
07900,2
07901,2
07905,2
07906,2
07907,2
07908,1
07910,2
07911,2
07915,2
07918,2
07920,2
07921,0
07924,2
07926,0
07927,2
07929,2
07930,1
07934,2
07935,2
07936,2
07939,2
07943,2
07945,2
07947,2
07948,1
07950,2
07952,2
07954,1
07957,2
07958,1
07959,2
07960,2
07962,2
07966,2
07967,0
07968,2
07970,2
07973,0
07977,2
07979,0
07981,0
07984,2
07987,0
07991,0
07995,2
08001,0
08002,2
08003,2
08007,0
08008,2
08012,2
08015,2
08019,1
08020,2
08022,0
08023,2
08025,0
08027,2
08030,1
08032,0
08033,1
08035,2
08042,2
08044,0
08048,1
08049,2
08051,2
08058,2
08059,0
08060,2
08062,2
08064,0
08066,2
08081,2
08086,0
08088,2
08089,2
08090,2
08091,2
08094,2
08095,0
08097,0
08099,1
08100,2
08102,1
08103,1
08104,1
08105,2
08106,0
08108,2
08110,2
08117,2
08118,2
08121,1
08122,0
08123,1
08124,2
08126,0
08128,0
08130,0
08131,2
08132,2
08134,2
08136,1
08138,2
08140,2
08141,2
08142,2
08143,2
08144,2
08146,2
08149,2
08151,2
08155,2
08156,2
08157,2
08160,0
08162,2
08163,2
08164,2
08166,0
08169,2
08172,0
08174,2
08176,2
08178,2
08179,2
08184,2
08185,0
08187,2
08193,2
08197,2
08198,0
08199,2
08202,0
08203,1
08205,2
08207,2
08209,2
08210,2
08211,2
08212,2
08213,2
08214,0
08215,0
08219,2
08221,2
08222,2
08223,2
08224,0
08225,2
08233,2
08238,2
08239,0
08241,2
08242,2
08246,2
08247,2
08251,0
08252,2
08253,2
08257,2
08258,2
08260,2
08262,2
08263,0
08265,2
08267,2
08276,2
08277,2
08278,2
08284,0
08285,1
08286,0
08288,2
08289,0
08294,0
08295,1
08298,1
08300,0
08303,2
08306,2
08308,0
08309,2
08312,2
08313,2
08314,0
08315,0
08322,0
08323,2
08327,1
08330,2
08331,2
08333,1
08336,2
08337,0
08338,0
08340,2
08342,1
08343,2
08344,2
08346,2
08347,2
08350,2
08351,0
08353,2
08354,2
08356,0
08361,2
08369,2
08372,2
08373,2
08374,1
08376,0
08378,1
08379,2
08381,2
08388,2
08392,0
08395,2
08407,2
08410,0
08411,1
08417,0
08418,2
08419,2
08420,1
08421,2
08422,1
08424,2
08425,0
08428,2
08429,0
08431,0
08436,2
08439,1
08440,2
08442,2
08446,2
08447,2
08449,0
08450,0
08452,2
08453,1
08454,2
08456,2
08457,1
08460,1
08461,2
08467,2
08468,2
08470,2
08471,2
08475,2
08477,2
08478,2
08481,0
08483,2
08485,2
08488,2
08489,2
08495,1
08500,2
08503,0
08504,1
08505,2
08508,1
08509,2
08510,1
08511,1
08512,2
08513,2
08515,2
08517,0
08520,2
08521,0
08523,0
08524,0
08525,2
08526,2
08530,2
08533,2
08534,2
08535,2
08536,2
08538,2
08539,2
08545,1
08548,2
08551,0
08552,2
08555,0
08556,2
08558,0
08559,2
08563,2
08566,0
08569,2
08570,2
08572,0
08573,1
08580,1
08581,2
08582,0
08584,0
08585,0
08586,2
08587,2
08589,2
08591,2
08592,2
08593,2
08594,0
08596,0
08605,0
08616,2
08619,2
08623,2
08625,1
08627,1
08628,0
08630,2
08634,2
08640,2
08641,1
08643,1
08644,1
08645,2
08646,1
08649,0
08652,2
08657,2
08660,2
08663,2
08666,2
08673,2
08674,2
08675,2
08676,2
08678,0
08679,2
08680,2
08684,2
08687,2
08689,2
08690,2
08696,2
08703,0
08706,0
08709,2
08710,2
08711,2
08712,2
08718,2
08719,2
08721,1
08722,2
08723,2
08725,2
08726,0
08727,2
08734,0
08741,0
08742,2
08746,2
08747,0
08748,2
08749,2
08750,2
08751,2
08753,2
08755,2
08760,2
08772,0
08778,2
08779,2
08780,2
08781,1
08786,2
08787,0
08789,2
08792,2
08793,2
08794,2
08795,0
08799,2
08800,2
08802,2
08806,1
08807,2
08809,2
08810,2
08812,2
08816,2
08817,0
08822,0
08824,2
08826,2
08829,2
08830,0
08834,2
08839,2
08843,1
08844,2
08849,2
08850,1
08856,2
08857,2
08862,2
08864,2
08866,2
08868,2
08869,1
08884,2
08885,2
08886,0
08887,2
08888,2
08889,2
08893,1
08896,2
08898,2
08899,2
08901,2
08902,2
08908,2
08909,2
08910,1
08911,2
08912,2
08915,2
08916,2
08920,2
08933,0
08934,2
08936,2
08937,1
08939,1
08943,1
08947,1
08949,2
08951,2
08952,2
08953,1
08954,2
08959,1
08961,2
08964,2
08965,0
08968,2
08970,2
08972,2
08973,2
08974,2
08977,2
08978,2
08980,2
08981,2
08983,2
08985,2
08991,2
08992,2
08993,2
08994,2
08999,2
09004,2
09009,2
09010,2
09012,2
09016,2
09017,1
09019,0
09022,0
09023,2
09025,2
09027,2
09033,1
09035,0
09036,2
09038,2
09042,2
09043,0
09044,2
09045,2
09049,2
09058,0
09060,2
09063,2
09068,2
09070,0
09073,2
09077,1
09078,2
09079,2
09083,1
09090,1
09091,0
09094,2
09095,2
09097,0
09099,0
09100,2
09103,2
09107,0
09110,1
09112,2
09113,0
09121,2
09127,2
09130,2
09132,0
09134,1
09136,2
09137,2
09142,2
09144,2
09146,2
09149,1
09151,2
09152,1
09155,2
09157,2
09158,2
09162,2
09164,1
09167,2
09170,2
09173,1
09175,1
09179,2
09181,2
09182,1
09187,2
09192,2
09193,2
09196,2
09197,2
09199,0
09200,1
09210,0
09214,1
09216,2
09218,1
09220,1
09224,2
09225,1
09231,0
09232,1
09233,0
09236,1
09241,2
09242,2
09243,2
09247,1
09249,2
09250,2
09251,2
09252,2
09253,2
09257,0
09264,0
09265,0
09269,2
09270,2
09272,2
09275,0
09277,2
09278,2
09280,2
09283,2
09285,0
09286,2
09293,0
09294,2
09297,1
09299,2
09300,2
09301,2
09303,2
09308,2
09309,2
09310,0
09311,2
09312,0
09313,0
09314,2
09315,2
09316,2
09319,2
09325,0
09326,2
09327,1
09330,0
09331,2
09332,2
09333,2
09334,0
09337,1
09341,2
09342,2
09343,0
09344,2
09349,0
09350,2
09355,0
09356,2
09357,2
09362,2
09366,2
09367,0
09369,0
09372,2
09375,0
09376,2
09377,2
09385,2
09391,2
09392,1
09395,0
09398,2
09399,2
09400,2
09402,1
09403,0
09407,0
09408,1
09410,2
09412,2
09415,0
09417,1
09418,2
09419,0
09420,2
09425,2
09427,2
09431,0
09432,2
09433,1
09436,2
09440,0
09447,2
09449,2
09455,2
09456,2
09457,2
09461,2
09466,1
09468,2
09472,2
09476,1
09480,0
09481,2
09482,2
09485,0
09487,2
09490,2
09491,2
09492,2
09493,1
09494,2
09495,0
09499,2
09501,2
09506,2
09511,2
09512,2
09513,0
09516,2
09518,0
09519,2
09520,2
09521,2
09522,2
09523,2
09526,0
09532,2
09534,1
09535,2
09536,2
09537,2
09538,2
09539,0
09542,2
09543,2
09547,2
09551,2
09553,2
09554,0
09565,0
09567,0
09568,2
09569,2
09571,2
09572,2
09573,2
09575,2
09580,0
09584,2
09587,2
09588,2
09589,2
09591,2
09593,1
09595,2
09596,2
09598,2
09601,1
09603,0
09605,2
09611,1
09615,2
09617,2
09620,0
09623,2
09624,2
09628,2
09632,2
09634,2
09635,2
09636,0
09639,1
09643,0
09645,2
09647,2
09648,0
09649,2
09651,1
09652,2
09656,2
09658,1
09660,2
09661,0
09662,2
09665,1
09666,2
09668,2
09669,2
09670,0
09671,2
09673,2
09675,1
09676,2
09680,0
09681,1
09683,0
09686,1
09692,0
09694,1
09695,2
09698,2
09701,2
09702,1
09703,1
09706,2
09708,0
09709,0
09710,0
09711,2
09714,2
09715,0
09718,2
09720,2
09724,2
09725,2
09726,0
09729,0
09732,2
09737,2
09739,0
09740,0
09746,0
09747,2
09749,2
09750,1
09751,2
09754,0
09756,2
09757,2
09758,1
09760,2
09768,2
09770,0
09773,2
09776,0
09777,2
09782,2
09788,2
09789,2
09791,1
09792,2
09793,1
09797,2
09798,2
09802,0
09803,2
09806,2
09807,2
09808,2
09811,2
09814,2
09816,2
09819,0
09822,2
09823,0
09824,0
09831,0
09838,2
09839,0
09842,2
09844,2
09845,2
09849,2
09854,0
09866,1
09871,2
09874,2
09875,2
09876,2
09877,1
09881,2
09885,0
09887,2
09889,2
09890,2
09892,1
09894,2
09897,2
09898,0
09899,2
09903,1
09907,2
09908,1
09910,2
09914,0
09916,0
09917,2
09919,2
09921,2
09922,2
09925,2
09931,1
09932,2
09937,2
09939,0
09940,2
09943,2
09944,2
09945,2
09955,2
09956,2
09958,2
09959,2
09962,0
09965,2
09969,1
09971,1
09977,2
09980,2
09981,2
09984,2
09986,2
09987,2
09989,2
09991,2
09995,2
09996,2
09998,2
10000,2
10003,2
10004,2
10005,2
10006,2
10008,2
10009,2
10010,1
10012,2
10014,2
10015,0
10016,2
10019,2
10020,2
10022,0
10023,2
10024,2
10025,2
10030,2
10034,2
10036,2
10038,2
10043,0
10046,2
10049,1
10055,2
10057,0
10060,0
10062,2
10068,2
10072,0
10075,2
10078,2
10084,2
10086,2
10087,2
10092,0
10094,2
10097,0
10098,2
10100,2
10101,0
10102,0
10103,2
10104,2
10105,2
10106,2
10107,1
10111,2
10112,2
10114,2
10115,2
10116,2
10117,2
10118,2
10124,2
10125,0
10126,2
10127,2
10130,0
10131,2
10136,2
10137,2
10138,2
10139,2
10143,0
10146,2
10152,2
10153,2
10156,2
10158,2
10159,2
10163,2
10165,2
10166,2
10167,2
10168,2
10170,2
10172,2
10176,2
10178,0
10179,1
10184,2
10186,0
10189,2
10193,2
10195,2
10198,2
10199,2
10201,0
10203,2
10206,2
10208,2
10220,2
10224,0
10229,2
10236,2
10237,2
10238,2
10241,2
10245,2
10246,1
10247,2
10252,2
10253,2
10257,2
10258,2
10261,2
10266,2
10268,2
10271,2
10274,2
10275,2
10276,2
10277,2
10278,2
10280,2
10281,2
10283,0
10284,2
10288,2
10290,2
10292,2
10299,2
10301,2
10302,1
10303,0
10306,2
10307,2
10312,2
10316,2
10318,2
10325,0
10328,2
10332,0
10333,1
10336,2
10337,2
10340,2
10343,2
10344,2
10348,2
10349,2
10350,2
10352,0
10354,2
10358,2
10359,2
10360,0
10363,2
10364,0
10367,1
10369,2
10372,2
10378,2
10379,2
10380,0
10394,2
10395,2
10402,2
10403,0
10404,0
10407,2
10409,2
10410,2
10411,2
10414,2
10415,2
10416,2
10420,2
10423,2
10425,2
10426,2
10432,2
10435,2
10436,2
10441,2
10443,2
10448,2
10449,2
10451,2
10452,2
10453,2
10454,2
10455,1
10459,2
10462,2
10466,2
10471,2
10474,2
10475,1
10479,2
10480,2
10482,2
10486,2
10487,2
10489,2
10491,2
10495,2
10498,2
10503,2
10504,0
10505,2
10507,1
10511,0
10520,2
10521,1
10525,2
10530,0
10534,2
10538,2
10539,2
10541,2
10548,2
10550,2
10555,2
10558,2
10563,2
10566,1
10569,2
10571,2
10574,2
10577,1
10579,0
10580,0
10582,2
10584,2
10587,2
10588,2
10590,2
10591,2
10595,2
10599,2
10605,2
10609,2
10615,2
10620,2
10622,1
10624,2
10631,1
10632,0
10637,2
10639,1
10640,2
10641,2
10643,0
10644,2
10645,2
10646,2
10647,2
10649,2
10650,2
10651,2
10652,2
10657,2
10660,2
10661,2
10665,2
10667,2
10670,2
10679,0
10680,2
10682,0
10683,1
10687,2
10689,1
10698,2
10699,1
10702,2
10703,1
10704,2
10707,2
10708,2
10714,2
10722,0
10724,2
10726,2
10730,2
10737,2
10739,2
10740,2
10742,1
10747,2
10752,2
10755,2
10756,0
10758,2
10761,2
10762,2
10764,1
10765,2
10768,2
10769,2
10771,2
10772,2
10773,2
10775,2
10778,2
10783,2
10786,2
10787,2
10788,2
10791,0
10794,1
10795,2
10797,0
10798,2
10799,0
10801,2
10808,2
10813,2
10816,2
10819,2
10821,2
10822,2
10825,2
10830,2
10833,0
10836,2
10837,2
10839,2
10840,0
10841,2
10842,2
10843,2
10845,1
10847,0
10848,2
10850,2
10851,2
10852,2
10858,2
10863,2
10865,2
10869,0
10871,2
10875,2
10891,2
10892,0
10894,2
10899,0
10903,2
10907,2
10908,2
10910,1
10914,0
10915,2
10916,2
10917,2
10918,2
10919,2
10920,0
10921,1
10925,2
10926,0
10929,2
10930,2
10932,2
10935,2
10938,2
10939,2
10940,2
10942,0
10943,2
10946,2
10947,2
10948,2
10949,2
10954,2
10957,0
10961,0
10965,2
10966,0
10969,0
10970,0
10971,0
10972,2
10976,0
10977,2
10978,2
10980,0
10982,2
10986,2
10987,2
10988,2
10990,1
10991,0
10994,0
10995,2
10997,2
11001,2
11002,1
11006,2
11008,2
11010,2
11016,0
11020,1
11021,2
11027,1
11031,2
11033,2
11035,2
11037,2
11038,2
11039,2
11040,2
11042,2
11043,2
11047,2
11049,0
11051,1
11052,2
11053,2
11056,2
11058,0
11063,1
11067,2
11068,2
11069,2
11070,2
11071,2
11073,2
11074,2
11078,2
11088,2
11089,2
11091,2
11094,0
11095,2
11096,1
11097,2
11098,2
11099,1
11101,0
11105,0
11106,2
11107,2
11108,1
11109,2
11111,2
11114,2
11115,2
11117,2
11120,2
11123,2
11125,1
11126,2
11127,2
11128,2
11130,1
11136,1
11139,2
11140,2
11141,1
11143,2
11145,2
11147,0
11148,2
11149,2
11151,2
11152,0
11153,2
11156,2
11157,2
11158,2
11159,2
11166,2
11170,2
11171,2
11173,1
11174,0
11175,2
11182,0
11186,2
11187,0
11189,2
11191,2
11192,1
11194,2
11196,2
11203,2
11205,0
11206,0
11208,2
11209,2
11212,2
11213,2
11215,2
11216,2
11218,1
11219,2
11228,2
11230,2
11231,2
11232,2
11234,2
11235,0
11236,2
11243,2
11245,2
11251,0
11253,2
11256,0
11258,2
11262,0
11265,2
11266,2
11271,2
11272,2
11280,2
11282,1
11284,2
11285,2
11286,2
11287,2
11289,2
11290,2
11300,1
11305,2
11307,0
11309,1
11311,0
11313,2
11314,2
11316,2
11320,0
11321,2
11322,2
11324,1
11326,2
11327,2
11329,2
11330,2
11335,2
11336,2
11340,2
11342,0
11343,1
11345,0
11350,2
11353,2
11354,2
11356,2
11361,2
11363,2
11370,2
11371,2
11372,2
11375,2
11379,2
11381,2
11388,2
11391,2
11393,2
11394,2
11398,2
11401,2
11404,2
11405,2
11406,0
11407,2
11409,2
11410,2
11413,2
11417,1
11423,0
11425,0
11429,2
11430,0
11434,2
11437,2
11440,0
11443,2
11446,2
11448,2
11451,2
11453,2
11454,2
11456,2
11458,2
11459,1
11460,1
11462,1
11464,0
11469,2
11472,1
11476,2
11477,2
11481,2
11482,2
11484,2
11485,2
11494,1
11497,2
11498,2
11499,2
11510,2
11517,2
11520,0
11521,2
11523,2
11527,2
11528,0
11530,2
11533,2
11536,0
11537,2
11538,2
11539,2
11540,0
11544,2
11546,2
11547,2
11548,2
11553,2
11554,2
11555,2
11556,1
11560,2
11561,2
11564,2
11565,2
11577,2
11580,2
11584,2
11589,2
11591,0
11597,0
11598,2
11603,2
11605,2
11607,0
11611,2
11614,2
11615,1
11616,0
11617,2
11618,0
11619,2
11627,2
11628,1
11629,2
11634,0
11636,2
11637,2
11639,2
11641,2
11642,2
11644,2
11645,2
11646,2
11647,2
11648,2
11650,2
11653,2
11658,2
11659,2
11660,2
11662,2
11663,2
11667,2
11669,2
11670,0
11674,2
11676,2
11680,2
11685,2
11686,0
11688,0
11690,2
11691,2
11693,2
11698,2
11699,2
11700,2
11702,2
11704,1
11706,2
11707,2
11710,2
11712,2
11713,2
11717,2
11718,1
11720,2
11721,2
11722,2
11725,2
11726,2
11729,2
11731,2
11732,1
11733,2
11738,2
11739,2
11740,2
11742,2
11745,1
11747,2
11748,1
11749,0
11751,2
11752,2
11753,2
11754,1
11755,1
11760,2
11763,2
11765,2
11766,0
11768,2
11774,2
11775,2
11776,2
11779,2
11787,0
11791,2
11792,2
11794,2
11795,2
11796,2
11799,0
11801,2
11803,2
11805,2
11808,2
11809,2
11811,2
11813,2
11814,2
11815,2
11816,2
11821,0
11823,0
11824,0
11825,2
11827,0
11828,0
11831,0
11832,2
11836,2
11837,1
11843,1
11844,2
11846,2
11850,2
11851,2
11854,2
11856,2
11857,2
11861,0
11864,2
11869,2
11873,2
11874,2
11875,2
11876,2
11882,2
11883,2
11884,2
11885,2
11886,2
11888,2
11889,2
11892,1
11893,2
11900,2
11901,1
11903,2
11906,2
11911,2
11913,1
11914,2
11918,2
11919,2
11920,2
11924,1
11927,0
11932,0
11937,2
11938,2
11942,2
11943,1
11944,0
11945,2
11947,2
11948,2
11955,0
11961,1
11963,2
11965,0
11966,0
11969,2
11972,2
11977,2
11978,0
11980,1
11989,2
11990,2
11991,2
11993,2
11994,2
11998,0
12001,2
12003,1
12007,2
12008,2
12011,2
12018,2
12019,2
12026,2
12027,2
12028,2
12031,2
12032,2
12033,2
12034,0
12035,2
12051,2
12058,2
12061,2
12064,0
12067,2
12070,2
12074,2
12075,0
12078,1
12079,2
12082,2
12085,0
12088,2
12092,2
12099,2
12102,2
12103,2
12104,2
12105,2
12107,0
12110,2
12111,2
12118,2
12119,2
12123,1
12124,2
12126,2
12127,1
12128,2
12132,2
12133,2
12138,2
12139,1
12141,2
12143,1
12144,2
12148,2
12149,1
12150,2
12153,2
12158,2
12159,2
12161,0
12165,2
12168,2
12169,2
12172,2
12174,2
12175,2
12176,2
12178,2
12180,1
12183,2
12185,2
12186,1
12187,2
12190,2
12191,0
12196,2
12197,2
12201,2
12203,2
12205,0
12210,1
12211,2
12213,2
12216,2
12217,2
12219,0
12220,2
12221,2
12226,2
12228,2
12230,0
12231,2
12232,2
12235,2
12238,0
12239,0
12241,0
12247,1
12251,2
12252,0
12254,2
12256,2
12264,2
12266,2
12270,2
12272,2
12273,2
12276,0
12277,2
12278,2
12280,2
12287,2
12289,0
12290,1
12292,2
12293,2
12294,2
12296,2
12297,2
12299,2
12302,0
12303,0
12304,2
12305,2
12307,2
12309,0
12310,2
12312,1
12313,0
12317,1
12320,2
12321,2
12327,2
12328,1
12332,1
12338,0
12343,2
12346,0
12347,2
12350,2
12351,2
12356,0
12357,0
12359,2
12361,0
12368,2
12369,2
12371,2
12380,2
12385,2
12386,0
12389,2
12400,2
12403,2
12408,2
12410,1
12413,2
12414,2
12417,2
12420,2
12421,2
12422,0
12424,1
12426,0
12427,2
12428,2
12430,1
12432,0
12434,1
12435,2
12439,2
12442,1
12443,2
12444,0
12445,2
12446,2
12463,2
12465,0
12469,1
12470,0
12476,2
12478,2
12479,2
12482,0
12484,2
12488,0
12494,1
12500,2
12501,2
12502,1
12504,0
12507,2
12510,2
12511,1
12513,2
12516,2
12517,2
12518,0
12521,2
12525,2
12530,2
12531,2
12532,2
12537,0
12538,2
12540,2
12543,2
12545,2
12548,2
12549,2
12550,2
12551,2
12554,2
12555,2
12558,2
12559,2
12560,2
12563,2
12569,2
12570,2
12571,2
12572,0
12577,2
12584,2
12586,2
12591,0
12600,2
12603,2
12604,2
12605,2
12608,0
12613,1
12614,2
12617,2
12619,2
12621,0
12628,2
12629,0
12630,0
12631,2
12634,2
12635,0
12636,2
12637,2
12640,1
12644,2
12645,1
12648,2
12651,1
12653,2
12655,2
12656,0
12657,2
12659,2
12663,2
12668,0
12669,2
12672,2
12673,2
12676,2
12681,2
12693,1
12699,2
12702,1
12703,2
12705,0
12708,2
12710,1
12714,1
12720,2
12722,2
12724,2
12725,1
12727,0
12732,2
12733,2
12735,2
12736,2
12738,2
12740,0
12742,2
12745,2
12747,2
12752,2
12753,2
12755,2
12757,2
12758,2
12760,2
12761,0
12763,2
12771,0
12773,0
12776,2
12781,0
12784,0
12786,1
12788,2
12793,2
12804,0
12806,2
12807,2
12811,2
12814,2
12815,2
12817,2
12825,2
12827,0
12829,2
12831,2
12835,0
12837,2
12839,2
12843,0
12845,2
12847,2
12848,2
12849,0
12852,2
12854,2
12861,2
12862,2
12863,2
12866,0
12868,2
12869,2
12876,2
12877,2
12879,2
12880,2
12882,2
12885,2
12886,2
12891,2
12892,1
12894,2
12895,2
12899,0
12901,2
12904,2
12908,1
12912,0
12914,1
12919,2
12920,2
12923,1
12926,2
12932,0
12933,2
12934,2
12935,2
12943,2
12948,1
12949,2
12952,2
12953,2
12954,2
12955,2
12957,2
12958,1
12962,0
12963,2
12964,2
12965,2
12966,2
12967,2
12968,2
12969,2
12970,2
12971,2
12974,2
12975,2
12977,2
12978,2
12980,2
12982,2
12983,2
12986,2
12987,2
12988,2
12989,0
12990,2
12992,2
12997,2
12998,2
13000,2
13001,2
13008,2
13009,2
13010,2
13014,2
13016,2
13017,2
13020,2
13021,2
13022,2
13024,2
13025,0
13032,2
13034,1
13035,2
13039,2
13040,1
13041,2
13052,1
13055,2
13056,2
13057,2
13059,2
13060,2
13062,2
13066,1
13069,2
13070,2
13071,2
13073,2
13080,1
13084,2
13085,2
13086,2
13089,2
13090,0
13095,0
13099,0
13105,2
13107,2
13109,1
13110,2
13112,1
13115,2
13116,2
13118,2
13119,2
13122,1
13125,2
13126,2
13127,0
13129,2
13131,2
13132,1
13135,1
13140,2
13141,2
13144,2
13146,0
13148,0
13155,0
13161,2
13164,2
13167,0
13168,2
13174,2
13184,2
13186,2
13188,2
13189,2
13195,2
13197,2
13198,2
13199,2
13200,1
13201,2
13204,2
13206,2
13209,2
13213,2
13215,2
13217,2
13220,2
13221,2
13225,2
13227,2
13230,2
13232,2
13234,2
13237,0
13238,0
13246,2
13251,0
13252,2
13255,2
13258,0
13259,2
13260,2
13261,2
13266,2
13267,2
13270,0
13271,0
13273,2
13278,2
13280,0
13281,2
13284,0
13285,2
13288,1
13289,2
13290,2
13291,0
13292,1
13295,2
13298,0
13299,2
13301,1
13303,0
13304,2
13306,1
13313,2
13314,2
13319,0
13321,2
13325,2
13328,0
13330,2
13332,2
13334,1
13335,2
13340,2
13342,1
13345,2
13346,2
13347,2
13348,2
13350,1
13360,2
13362,0
13363,2
13367,0
13371,2
13373,0
13374,2
13375,2
13377,2
13378,2
13385,2
13388,2
13397,0
13398,2
13400,2
13402,2
13403,2
13407,2
13409,2
13416,2
13417,2
13418,2
13422,2
13423,2
13424,0
13427,0
13434,0
13435,0
13438,2
13441,2
13446,2
13448,1
13450,2
13452,2
13454,2
13456,2
13458,2
13459,0
13461,2
13462,2
13463,2
13466,2
13468,2
13470,2
13471,2
13475,2
13477,2
13480,2
13481,1
13483,2
13487,2
13492,2
13505,2
13509,2
13512,2
13514,2
13515,2
13517,2
13518,2
13522,2
13523,0
13525,2
13526,2
13528,0
13529,0
13530,0
13534,2
13537,2
13538,2
13539,2
13540,2
13541,1
13546,2
13549,2
13550,0
13551,2
13554,2
13555,1
13556,2
13566,2
13567,2
13571,2
13573,1
13574,2
13577,2
13581,0
13582,2
13587,2
13588,2
13590,2
13592,2
13594,2
13600,1
13604,2
13605,0
13610,2
13611,2
13612,1
13616,2
13620,0
13627,2
13630,2
13632,2
13633,2
13635,1
13637,2
13638,2
13645,0
13647,0
13649,2
13650,0
13651,1
13654,0
13655,1
13656,2
13659,2
13667,2
13669,2
13670,2
13673,2
13674,2
13675,2
13676,0
13678,2
13679,0
13682,2
13686,0
13688,0
13690,2
13692,0
13695,2
13698,1
13699,2
13702,2
13704,2
13707,1
13708,2
13709,2
13710,0
13723,2
13726,1
13727,2
13728,2
13731,2
13742,2
13743,1
13745,2
13746,2
13748,2
13750,2
13751,2
13752,2
13756,2
13757,2
13759,2
13768,2
13771,0
13773,0
13775,2
13777,1
13778,2
13780,2
13786,2
13787,2
13788,2
13791,2
13794,2
13796,2
13801,0
13809,2
13812,2
13813,1
13814,2
13820,2
13821,2
13822,0
13827,1
13828,2
13829,2
13833,2
13836,1
13838,1
13839,2
13840,2
13844,2
13849,1
13852,2
13855,2
13856,2
13857,0
13862,2
13864,2
13865,2
13867,2
13869,2
13870,2
13877,2
13880,2
13885,2
13887,2
13889,2
13890,2
13891,2
13892,2
13895,0
13901,0
13904,0
13909,0
13910,2
13912,0
13921,2
13923,2
13928,2
13929,2
13931,0
13937,2
13939,1
13941,2
13943,2
13945,2
13947,2
13949,2
13951,2
13952,2
13953,2
13954,2
13958,1
13959,1
13963,2
13964,2
13965,2
13967,2
13968,2
13973,1
13974,2
13978,2
13980,2
13981,2
13982,1
13984,2
13988,2
13989,2
13990,0
13991,2
13992,2
13993,2
13996,2
13998,2
14002,2
14003,2
14007,2
14008,1
14010,2
14011,0
14016,0
14017,2
14020,2
14021,2
14022,2
14027,2
14029,1
14034,2
14043,0
14046,2
14048,2
14050,2
14052,2
14053,2
14054,2
14055,2
14056,2
14059,2
14060,2
14062,2
14063,2
14065,0
14066,2
14068,1
14070,2
14071,2
14078,2
14080,2
14082,2
14087,0
14091,2
14093,0
14094,0
14098,1
14100,2
14101,2
14105,0
14107,2
14109,2
14110,2
14117,1
14127,2
14130,1
14133,2
14137,0
14140,2
14141,2
14145,2
14146,2
14148,2
14150,0
14154,0
14156,2
14157,2
14163,2
14166,2
14170,2
14174,2
14175,1
14179,2
14181,2
14186,0
14187,2
14190,2
14191,1
14193,2
14194,0
14196,0
14197,2
14199,2
14202,2
14205,2
14209,2
14210,2
14212,2
14213,2
14215,2
14217,1
14221,2
14222,2
14223,2
14225,2
14227,0
14229,0
14232,1
14233,2
14234,2
14235,2
14237,2
14238,0
14240,2
14242,2
14244,2
14249,2
14250,0
14252,1
14254,2
14255,2
14256,2
14257,0
14265,2
14267,2
14269,0
14270,2
14276,2
14277,0
14280,2
14281,2
14286,2
14288,2
14290,1
14293,2
14299,2
14303,2
14305,2
14306,2
14307,2
14308,2
14309,0
14310,0
14311,2
14313,2
14314,2
14315,2
14316,2
14319,2
14320,2
14321,2
14322,2
14323,2
14327,2
14328,2
14330,0
14331,2
14332,2
14334,0
14337,1
14338,2
14339,2
14343,2
14345,2
14347,2
14348,2
14349,2
14350,2
14352,2
14353,0
14355,2
14360,2
14373,0
14377,2
14381,2
14382,0
14387,2
14388,2
14389,0
14392,2
14393,2
14399,2
14408,0
14410,2
14411,2
14412,0
14414,0
14415,2
14417,2
14418,2
14420,2
14421,2
14425,2
14426,1
14427,2
14434,2
14435,2
14436,1
14437,2
14441,2
14443,2
14450,2
14451,2
14454,2
14456,0
14457,2
14463,0
14465,2
14466,2
14469,2
14470,0
14474,1
14475,2
14476,1
14478,2
14481,2
14482,2
14483,2
14485,1
14490,1
14491,2
14499,2
14503,2
14505,2
14508,1
14509,1
14510,1
14513,2
14514,2
14517,2
14522,2
14525,2
14528,2
14530,2
14532,2
14534,2
14536,2
14538,2
14539,2
14540,0
14541,2
14543,0
14549,2
14550,2
14552,2
14557,2
14558,2
14559,2
14560,0
14562,2
14563,2
14567,2
14568,2
14571,1
14573,2
14580,2
14583,2
14588,0
14591,2
14592,2
14594,2
14595,1
14604,2
14606,2
14607,2
14613,2
14615,2
14618,2
14619,0
14621,2
14623,2
14626,2
14629,0
14630,0
14631,0
14634,1
14636,2
14639,1
14641,2
14642,2
14644,2
14646,2
14647,2
14648,2
14649,1
14650,2
14652,2
14655,1
14657,1
14662,0
14664,2
14668,2
14669,2
14670,2
14672,2
14675,2
14678,2
14679,2
14680,1
14681,2
14689,2
14690,2
14691,1
14692,2
14693,2
14694,2
14695,2
14696,0
14703,2
14705,0
14706,0
14708,2
14709,0
14714,2
14715,2
14716,0
14717,2
14720,1
14721,2
14726,0
14727,1
14729,2
14730,0
14733,0
14735,0
14737,2
14739,0
14740,2
14742,2
14743,2
14744,2
14745,1
14749,2
14751,2
14753,2
14754,1
14764,2
14768,1
14769,1
14770,2
14775,2
14776,2
14777,2
14778,2
14779,0
14780,2
14782,1
14785,2
14786,2
14788,2
14789,0
14790,0
14791,2
14792,2
14795,0
14797,2
14798,2
14801,2
14804,2
14805,2
14806,2
14808,1
14810,2
14813,2
14815,2
14821,2
14823,2
14825,0
14830,0
14832,2
14840,2
14846,2
14850,0
14851,2
14853,0
14854,2
14855,0
14867,2
14869,2
14871,2
14876,2
14879,2
14880,2
14883,1
14886,2
14888,2
14890,2
14891,2
14892,2
14893,1
14897,2
14898,0
14902,2
14903,1
14911,2
14913,2
14917,2
14918,0
14919,2
14921,2
14922,2
14927,2
14930,0
14935,2
14936,0
14938,2
14941,1
14943,2
14944,1
14945,2
14947,2
14948,2
14951,2
14952,2
14955,2
14957,2
14959,2
14960,2
14963,2
14964,2
14966,0
14968,2
14971,0
14973,2
14975,2
14976,2
14978,2
14981,2
14994,2
14995,2
14996,2
14997,2
14998,2
14999,1
15002,2
15004,2
15005,1
15006,2
15007,2
15009,2
15011,0
15012,0
15013,2
15015,2
15020,2
15023,2
15024,0
15026,2
15028,2
15029,2
15030,2
15031,2
15033,2
15036,2
15038,2
15041,1
15043,2
15050,2
15051,2
15052,0
15057,2
15062,2
15063,1
15064,2
15065,2
15067,0
15070,2
15073,2
15077,0
15078,1
15088,2
15091,1
15092,2
15094,2
15096,2
15097,0
15102,0
15107,2
15108,2
15109,2
15113,0
15114,0
15115,1
15121,2
15122,2
15123,2
15124,1
15127,2
15128,2
15129,2
15130,2
15131,2
15134,2
15135,0
15137,2
15140,2
15143,1
15146,2
15152,2
15153,2
15155,2
15158,0
15161,2
15162,2
15163,2
15167,1
15171,2
15174,2
15175,2
15180,2
15181,2
15182,2
15187,1
15188,2
15193,1
15196,2
15200,2
15209,2
15214,2
15215,2
15221,2
15223,0
15224,2
15226,2
15227,1
15231,2
15233,2
15234,2
15238,2
15247,2
15250,2
15251,2
15256,1
15257,2
15259,2
15263,2
15266,2
15268,2
15269,2
15271,2
15272,2
15273,2
15275,2
15282,0
15283,2
15286,1
15288,0
15290,2
15291,0
15292,2
15294,2
15297,2
15300,2
15305,2
15309,2
15311,1
15312,2
15313,2
15315,2
15319,2
15321,2
15324,2
15325,2
15326,2
15327,2
15328,2
15331,2
15332,2
15333,2
15334,1
15336,0
15342,1
15343,2
15347,2
15349,2
15354,1
15356,2
15361,2
15362,0
15365,0
15367,1
15371,2
15373,2
15377,0
15380,2
15382,0
15383,2
15384,2
15391,2
15399,2
15404,2
15405,2
15413,2
15417,1
15418,2
15422,2
15423,2
15428,0
15430,2
15436,2
15438,2
15439,2
15442,2
15447,2
15449,2
15452,2
15455,2
15461,1
15465,2
15473,0
15475,1
15478,2
15479,1
15481,0
15482,2
15483,2
15484,1
15490,2
15491,2
15493,0
15494,2
15499,2
15500,2
15509,1
15510,0
15515,2
15517,0
15518,2
15519,2
15525,2
15531,2
15532,0
15533,2
15537,1
15538,2
15544,2
15548,0
15549,2
15554,2
15564,2
15565,1
15570,1
15572,0
15574,0
15575,1
15580,2
15581,0
15583,2
15585,2
15587,2
15598,2
15599,0
15600,0
15605,2
15606,0
15607,2
15608,2
15609,0
15612,1
15615,2
15617,2
15620,0
15621,2
15626,1
15627,0
15636,1
15637,1
15639,2
15640,2
15641,2
15643,2
15644,1
15645,2
15646,1
15647,1
15651,2
15653,2
15654,0
15656,0
15657,2
15658,2
15660,2
15664,0
15667,0
15668,2
15669,2
15671,2
15672,2
15675,2
15676,0
15679,0
15681,2
15682,0
15683,2
15685,0
15690,0
15691,2
15693,2
15695,2
15698,0
15699,2
15700,2
15701,2
15703,2
15706,2
15708,2
15711,2
15715,2
15717,2
15718,2
15719,0
15720,2
15721,2
15723,2
15726,2
15728,2
15729,2
15733,2
15734,2
15735,2
15737,1
15739,0
15740,2
15742,2
15748,2
15749,2
15750,2
15751,0
15752,2
15753,0
15754,0
15755,1
15756,2
15758,2
15761,2
15763,2
15764,2
15765,2
15769,2
15770,1
15771,2
15772,2
15774,0
15775,0
15776,2
15779,2
15781,2
15785,2
15788,2
15791,2
15793,2
15795,2
15797,0
15802,1
15805,2
15806,2
15810,2
15814,2
15815,2
15816,2
15819,0
15820,2
15821,2
15823,2
15825,0
15827,2
15834,2
15835,1
15836,0
15839,0
15840,2
15841,2
15850,2
15853,2
15854,1
15855,2
15861,1
15864,2
15868,0
15878,2
15881,2
15884,1
15890,2
15891,0
15892,2
15898,1
15905,0
15909,0
15911,1
15912,1
15913,1
15914,2
15922,2
15924,2
15926,2
15927,2
15928,2
15932,2
15934,2
15938,0
15939,2
15942,0
15943,0
15944,2
15947,0
15948,2
15950,2
15957,2
15958,2
15966,2
15967,0
15971,2
15975,0
15977,1
15982,2
15983,2
15984,1
15985,0
15991,2
15992,1
15994,2
15996,2
15999,1
16000,2
16002,2
16003,0
16006,0
16008,2
16011,2
16015,2
16019,2
16021,2
16024,1
16026,2
16027,2
16028,2
16034,2
16035,0
16037,1
16038,2
16040,2
16041,2
16044,1
16045,0
16046,2
16047,2
16049,2
16057,2
16059,2
16060,2
16061,2
16063,2
16070,2
16071,2
16077,2
16080,2
16081,1
16083,2
16084,2
16089,2
16090,2
16091,2
16095,0
16096,0
16098,1
16102,2
16105,2
16107,2
16110,2
16111,2
16112,2
16116,2
16118,2
16119,2
16122,0
16124,2
16132,2
16134,2
16135,2
16141,2
16142,2
16144,2
16145,2
16149,1
16150,2
16152,2
16159,2
16171,0
16173,1
16175,0
16176,2
16178,2
16180,2
16181,2
16182,2
16185,2
16188,2
16191,2
16202,1
16203,2
16208,2
16209,2
16211,2
16220,2
16223,2
16225,2
16230,2
16231,0
16232,2
16234,2
16238,2
16240,2
16244,2
16245,2
16246,2
16249,2
16250,2
16256,2
16258,2
16259,2
16260,2
16264,2
16266,2
16270,2
16271,2
16272,2
16274,2
16278,2
16279,2
16281,1
16282,2
16287,0
16288,2
16289,0
16290,2
16291,2
16292,0
16294,2
16295,2
16297,1
16301,2
16303,0
16305,2
16307,2
16313,2
16316,2
16320,2
16321,2
16325,1
16328,2
16329,0
16331,2
16333,2
16334,2
16338,2
16339,0
16340,2
16347,1
16349,0
16353,2
16356,2
16358,2
16363,0
16365,2
16367,2
16369,0
16370,1
16371,2
16372,2
16373,2
16376,0
16378,2
16379,2
16386,2
16391,2
16393,2
16396,2
16397,2
16400,2
16404,2
16408,0
16411,2
16413,2
16417,2
16418,2
16422,2
16427,2
16433,2
16437,2
16438,0
16439,2
16440,2
16441,1
16446,2
16447,2
16455,2
16457,2
16458,2
16459,2
16461,2
16463,2
16464,2
16465,2
16469,2
16471,2
16472,2
16473,2
16474,2
16475,2
16482,2
16485,2
16486,1
16487,2
16493,0
16497,2
16499,1
16500,2
16503,0
16504,2
16508,2
16510,2
16511,2
16513,2
16520,2
16521,2
16522,2
16523,2
16528,2
16530,2
16531,2
16543,2
16547,0
16549,2
16551,2
16553,2
16557,2
16562,2
16563,2
16564,0
16567,2
16572,2
16573,2
16577,2
16579,0
16581,2
16583,2
16585,2
16586,2
16587,2
16590,2
16592,2
16595,2
16602,0
16605,2
16606,2
16607,2
16611,2
16616,2
16617,2
16619,2
16622,2
16627,2
16628,2
16629,1
16634,0
16640,2
16643,2
16645,2
16647,2
16648,2
16653,1
16655,2
16657,2
16660,1
16668,2
16669,2
16672,0
16685,2
16691,2
16692,2
16693,2
16697,0
16700,2
16703,2
16707,2
16711,2
16712,2
16713,2
16715,2
16718,2
16721,2
16730,2
16732,2
16737,2
16739,1
16741,2
16742,2
16743,2
16744,2
16748,2
16751,2
16753,2
16757,2
16759,2
16765,2
16767,2
16770,2
16773,2
16783,2
16786,1
16787,2
16792,2
16794,2
16795,0
16796,2
16799,2
16800,0
16802,2
16805,2
16806,2
16807,2
16809,2
16810,2
16811,2
16814,2
16820,2
16824,2
16825,2
16834,2
16842,2
16844,0
16848,2
16853,2
16854,2
16856,2
16862,2
16865,2
16871,2
16872,2
16877,2
16880,2
16883,2
16889,1
16890,1
16892,0
16894,2
16897,2
16899,2
16902,2
16904,2
16905,2
16909,2
16911,2
16913,2
16916,2
16923,2
16925,0
16928,2
16929,2
16932,2
16933,0
16934,2
16938,2
16943,2
16945,2
16946,2
16948,0
16953,0
16954,2
16955,0
16957,2
16958,2
16961,2
16962,0
16964,2
16965,2
16966,2
16967,2
16970,2
16977,2
16979,2
16980,2
16981,2
16982,2
16985,2
16987,2
16989,2
16990,1
16994,1
16997,2
16998,2
17005,2
17006,2
17007,0
17009,2
17011,2
17014,0
17017,2
17025,2
17026,1
17039,2
17044,2
17046,2
17047,0
17054,2
17055,2
17058,0
17059,0
17061,2
17063,2
17066,2
17070,2
17078,2
17082,2
17087,1
17090,2
17091,2
17095,1
17096,2
17100,1
17101,2
17103,2
17104,2
17105,2
17111,2
17112,0
17113,2
17118,2
17120,2
17121,2
17130,2
17132,2
17133,2
17135,2
17139,2
17141,2
17145,0
17149,2
17151,2
17152,2
17153,2
17155,1
17158,2
17161,0
17162,2
17163,2
17167,2
17169,2
17170,2
17171,2
17172,2
17173,2
17174,1
17175,0
17180,0
17183,2
17186,2
17187,0
17188,2
17190,2
17192,2
17193,2
17198,0
17199,2
17203,0
17205,2
17213,2
17218,2
17219,0
17220,2
17221,2
17222,1
17225,2
17226,2
17227,0
17231,1
17234,0
17238,2
17239,0
17240,2
17241,2
17243,2
17244,0
17246,1
17247,2
17248,2
17249,2
17250,0
17257,2
17263,2
17265,2
17267,2
17272,2
17273,0
17276,2
17278,2
17280,2
17282,2
17293,0
17297,2
17301,2
17303,2
17307,2
17311,2
17314,2
17315,2
17317,2
17321,2
17323,2
17328,2
17330,0
17337,2
17339,2
17340,2
17341,2
17342,2
17347,0
17348,1
17350,2
17355,2
17356,2
17362,1
17363,2
17365,2
17367,2
17369,2
17370,2
17372,2
17373,2
17377,2
17378,2
17380,2
17381,2
17383,2
17384,2
17388,0
17392,2
17393,2
17396,2
17397,2
17398,2
17410,2
17412,2
17413,2
17415,2
17422,1
17429,2
17432,2
17437,2
17438,2
17439,0
17442,2
17444,2
17445,2
17447,2
17448,2
17452,2
17455,0
17456,2
17462,2
17464,2
17466,2
17468,2
17473,2
17475,2
17476,2
17478,2
17483,2
17487,2
17488,2
17489,2
17491,0
17495,2
17498,2
17500,2
17502,2
17509,2
17513,2
17523,2
17524,2
17525,2
17528,0
17535,2
17538,2
17539,2
17540,0
17542,2
17549,0
17550,0
17552,2
17554,1
17555,2
17556,1
17557,2
17558,2
17559,1
17560,2
17561,0
17562,2
17563,1
17564,0
17565,2
17566,2
17569,0
17570,2
17571,0
17572,0
17576,0
17577,0
17579,1
17580,0
17585,0
17586,2
17593,1
17594,2
17596,0
17597,1
17598,0
17601,1
17604,0
17606,0
17608,2
17610,0
17611,2
17612,2
17617,1
17620,2
17621,1
17622,0
17624,2
17626,2
17629,0
17630,2
17634,1
17636,2
17641,0
17642,2
17646,1
17647,2
17651,2
17654,2
17656,2
17659,0
17661,1
17665,2
17668,2
17672,0
17674,2
17676,2
17677,0
17680,2
17683,2
17686,2
17689,2
17695,2
17700,2
17701,2
17702,2
17709,2
17715,1
17717,2
17721,2
17723,2
17724,2
17726,0
17728,2
17730,1
17731,2
17732,2
17733,2
17737,2
17738,2
17739,2
17742,2
17745,2
17747,2
17748,2
17749,2
17752,2
17755,2
17759,2
17764,2
17766,2
17772,2
17773,2
17774,2
17777,2
17778,2
17779,2
17780,0
17781,2
17782,0
17787,2
17789,2
17790,2
17792,2
17793,2
17803,2
17805,2
17811,2
17815,2
17819,2
17824,2
17826,2
17827,0
17832,0
17834,2
17837,2
17839,2
17840,2
17842,2
17844,2
17857,2
17858,0
17861,2
17863,1
17864,0
17867,1
17868,2
17875,2
17876,2
17879,2
17880,2
17881,2
17882,2
17884,2
17885,2
17887,2
17888,2
17889,2
17893,2
17896,0
17897,2
17898,2
17899,2
17905,2
17911,2
17916,2
17918,2
17922,2
17924,1
17928,2
17929,2
17930,2
17931,2
17935,2
17936,2
17937,2
17939,2
17941,2
17943,2
17944,2
17946,1
17948,2
17949,0
17952,2
17955,2
17956,0
17960,2
17962,2
17966,2
17967,2
17970,2
17976,2
17980,2
17986,1
17990,2
17996,2
17998,2
17999,2
18000,2
18002,2
18007,0
18008,2
18010,2
18014,2
18015,2
18016,1
18031,2
18033,2
18034,2
18035,2
18037,2
18040,2
18041,2
18042,2
18044,0
18045,2
18047,2
18050,1
18052,2
18056,2
18059,1
18060,0
18063,2
18069,2
18070,2
18075,2
18076,2
18077,2
18079,2
18081,2
18082,2
18085,2
18087,2
18090,2
18091,2
18096,2
18098,2
18099,0
18104,2
18108,2
18110,2
18114,2
18119,2
18125,0
18128,0
18130,2
18132,0
18136,2
18137,1
18139,2
18150,2
18151,2
18152,2
18154,2
18155,2
18156,1
18157,2
18161,0
18165,2
18166,2
18169,2
18172,0
18173,2
18177,2
18187,0
18191,2
18192,0
18194,2
18195,2
18196,2
18204,2
18207,0
18209,2
18211,2
18213,2
18214,0
18215,2
18216,2
18217,2
18219,2
18222,0
18223,2
18230,2
18232,1
18238,2
18242,2
18244,2
18245,0
18246,0
18249,1
18252,2
18254,2
18256,2
18262,2
18266,2
18267,2
18268,2
18272,2
18275,2
18276,0
18278,2
18279,2
18284,1
18288,2
18295,2
18306,1
18308,2
18314,1
18321,2
18322,0
18324,2
18326,1
18329,0
18336,2
18339,0
18346,2
18347,2
18348,2
18349,1
18350,2
18359,0
18360,2
18361,2
18368,2
18370,2
18375,2
18386,0
18387,2
18390,1
18399,2
18400,2
18401,2
18409,2
18414,1
18423,0
18425,2
18426,2
18428,2
18429,2
18432,2
18436,2
18437,2
18441,2
18442,2
18445,1
18448,1
18450,2
18451,2
18454,2
18457,0
18461,2
18462,2
18472,2
18473,1
18475,2
18479,2
18480,2
18481,2
18482,2
18485,2
18490,0
18491,1
18492,1
18498,2
18509,2
18516,2
18522,2
18524,1
18530,2
18532,0
18533,1
18538,2
18539,2
18544,0
18546,0
18548,2
18552,0
18553,2
18560,2
18561,2
18566,2
18567,0
18572,2
18578,2
18579,2
18581,1
18589,2
18591,2
18592,2
18598,1
18599,2
18608,0
18609,2
18614,2
18615,2
18623,2
18626,2
18638,2
18639,2
18645,0
18656,0
18659,2
18660,1
18661,2
18664,2
18667,2
18670,2
18679,2
18683,2
18685,0
18687,0
18688,2
18689,2
18690,2
18694,2
18697,2
18699,2
18704,2
18706,2
18713,2
18718,2
18721,2
18725,2
18727,2
18728,0
18730,2
18737,2
18738,0
18740,2
18741,1
18746,2
18750,2
18752,2
18755,2
18760,2
18767,2
18769,2
18771,2
18772,2
18774,0
18781,0
18785,2
18787,2
18789,2
18792,2
18794,2
18804,2
18805,2
18810,2
18813,2
18817,2
18821,2
18822,2
18824,2
18825,2
18826,2
18827,2
18829,2
18831,2
18832,2
18833,2
18835,2
18838,2
18839,2
18845,2
18847,2
18851,0
18852,2
18854,1
18861,2
18862,2
18873,2
18874,2
18877,2
18881,2
18883,2
18887,2
18895,2
18897,1
18910,0
18917,2
18930,2
18936,2
18937,2
18938,2
18941,2
18942,2
18954,0
18956,2
18966,2
18967,2
18970,2
18971,2
18974,2
18975,1
18980,2
18991,2
18992,2
18995,1
19009,2
19010,2
19012,2
19015,2
19018,0
19021,2
19023,0
19025,2
19028,2
19034,0
19040,2
19041,2
19043,2
19047,2
19055,2
19056,2
19059,1
19061,2
19065,1
19071,2
19073,2
19074,2
19075,2
19076,2
19080,2
19081,2
19082,2
19083,2
19085,0
19086,1
19088,2
19091,2
19092,2
19095,0
19096,2
19100,2
19102,2
19103,2
19105,1
19108,2
19117,2
19121,2
19122,2
19123,2
19130,1
19131,2
19134,2
19137,2
19148,2
19150,2
19151,1
19153,2
19158,2
19164,2
19168,0
19170,0
19175,2
19178,1
19183,1
19186,2
19188,2
19191,0
19195,2
19196,2
19198,0
19200,0
19205,1
19211,0
19219,2
19239,0
19243,2
19245,0
19247,2
19252,2
19253,2
19258,2
19263,2
19265,2
19266,2
19268,1
19274,2
19276,2
19282,2
19286,2
19289,2
19290,2
19293,2
19297,2
19298,2
19303,2
19304,0
19307,2
19310,0
19314,2
19325,1
19327,2
19333,2
19334,2
