아티스트,제목,곡의 빠르기,잡음,진폭의 변화,주파수의 밝기,파워,X,Y
(여자)아이들,주세요,0.5681621000271329,0.21344682602786808,0.21452217537337515,0.2508052002842304,0.967039103314837,36.37000158511556,43.83789080766448
10cm,그러나,0.9867214565421997,0.13469515885853856,0.3309184352710663,0.2106756446567663,0.274169850674145,36.589059143915975,54.38938995557147
2NE1,Fire,0.5681621000271329,0.6019097070094576,0.8084388654197996,0.7535456695511246,0.5203224985485292,64.34708927031349,65.18849675608368
2NE1,살아 봤으면 해,0.9968288087825973,0.5012905157695982,0.41750123391031246,0.5266293961645526,0.5224515045037058,58.8290304913247,68.99318515553423
4minute,거울아 거울아,0.6654853730091297,0.6871285891896594,0.9510902487282096,0.888337686691013,0.7270809887494626,75.97084275673791,77.55006940814086
5mg,Coffee House,0.47574580447627257,0.025453030959137212,0.8637531657141058,0.755370326294093,0.7312490138247687,42.67429404336167,58.97932246705394
8Eight,사랑을 잃고 난 노래하네,0.5681621000271329,0.934195572820368,0.9238272645587665,0.9367871361194768,0.49663604082178625,81.54184197394535,74.24708815107172
aespa,Next Level,0.3199772389206965,0.6673130260541124,0.37486096544937686,0.510770830206523,0.786354231256672,53.56053574419792,45.0483980430537
As One,비 개인 후 비 (Feat. 키디비),0.2083709341932341,0.19022069787283802,0.5411142795152009,0.4610764626938868,0.6464624363430044,33.67392117945113,36.74548355406954
B.A.P,비밀연애 (Feat. 송지은),0.5681621000271329,0.8310473513737909,0.8495672295273234,0.8862917537146815,0.22044107331837642,72.66380891637134,67.95854791284708
BE'O(비오),Counting Stars (Feat. Beenzino),0.47574580447627257,0.05053172217093652,0.30183465867864634,0.34819011286280266,0.1689499605210465,22.74427888377433,34.22514443679972
BLACKPINK,뚜두뚜두 [DDU-DU DDU-DU],0.847155427871578,0.9643610472361499,0.9268895174047355,0.9817086808499489,0.5231602225442005,89.10402982891375,86.9333937777603
BMK,꽃 피는 봄이 오면,0.6654853730091297,0.4972203971116803,0.1664496901696595,0.14998522338859516,0.6405793594524903,44.43316297645385,44.32611075717199
BOBBY,연결고리#힙합,0.761206540659798,0.6362520921103989,0.3291535748683701,0.44400292233587735,0.3778729428509515,55.4760446468476,56.052641920090366
CHEEZE,꼬일대로,0.5681621000271329,0.14523330442314286,0.5330181681119948,0.3606048760906103,0.7581963235957364,39.020949536571734,49.63324116532621
Cosmic Boy,"Can I Love？ (Feat. 유라(youra), Meego)",0.05627712148977717,0.08063803205154263,0.03518445439679117,0.05764220057235297,0.008783063740774956,5.719005442924352,5.001828916897146
DAY6,예뻤어,0.0696342145819519,0.7793695690267777,0.2552461411356309,0.3086812009238767,0.7912866483595614,48.67206836825714,29.770477598331617
DJ AKI,Second First Date (Feat. Ritha K) (Bonus Track From Jazz Set),0.16724242015660895,0.11478624555635414,0.3195939854319673,0.29252856908922165,0.4406219826366605,21.659683451284515,24.486230178618285
DJ DOC,겨울 이야기,0.5681621000271329,0.8762441221497587,0.9506849185516074,0.9407125692473762,0.1828092505000773,76.66192345503967,71.14496748356333
EXO,Gravity,0.47574580447627257,0.8095363582426568,0.9276388095606901,0.8708273172316026,0.8617904902239464,77.77532468500101,71.71242319956279
EXO,으르렁 [Growl],0.10757579672157624,0.6933237794136451,0.6810402253636721,0.6889657130121607,0.8161909198411694,58.55683794678407,46.798297628927855
Eyedi,& New,0.3923711178932867,0.36954901047690925,0.2409177952330271,0.2829280556848617,0.6768443996911524,37.04546323536279,36.63569583576986
f(x),4 Walls,0.6654853730091297,0.44642698666161246,0.753536311023441,0.7509287988125384,0.7220707184897697,60.967508320139,68.3936941685986
f(x),미행 [그림자：Shadow],0.47574580447627257,0.7679542750310809,0.9228524791329047,0.9089560165539732,0.4558587772871582,72.33828461183809,67.90413261597084
F.T Island,바래,0.847155427871578,0.6772045093572496,0.6141203361501769,0.6073410700928109,0.7937847077659468,70.32495343331266,73.02533741095485
G-DRAGON,그XX,0.47574580447627257,0.29524175182288337,0.36372830627493685,0.4392427379859377,0.34156775651980437,36.40725723299695,41.45734814769528
G-DRAGON,"불 붙여봐라 (Feat. 타블로, 도끼)",0.2083709341932341,0.24756181027823654,0.28323984061421126,0.38773091782614816,0.2509471244840057,26.12146833037991,26.739341884158975
GD & TOP,Oh Yeah (Feat. 박봄),0.6654853730091297,0.3275313161530832,0.7188344743384225,0.7541256282268933,0.9208771756006594,57.537677631349894,68.56270188920892
Glen Check,`84,0.47574580447627257,0.7567066723444957,0.31968200138231584,0.585579969498133,0.2630961549991343,54.66358425592426,47.33309987009618
Gloomy 30's,바꿔 (추노 OST),0.761206540659798,0.8403479788137729,0.42627273412338706,0.4529772580451748,0.6951207503557386,68.84448473222375,63.38794876145827
god,거짓말,0.761206540659798,0.9722837833114002,0.9627900252158785,0.9717787409668606,0.1114602799335701,84.20367285897385,79.9770775824964
god,촛불 하나,0.2588771124210463,0.21131047685468413,0.7643608563120398,0.5935367526192142,0.22432736908957596,37.09581966593699,41.86941513490953
GroovyRoom,"Tell me (Feat. Sik-K, 기리보이)",0.2083709341932341,0.09242998502032307,0.17417985462074265,0.18908735030336687,0.8884998774855122,22.12408745498125,25.409480091269906
GroovyRoom,"어디쯤에 (Feat. 수란, pH. 1)",0.16724242015660895,0.06399976539774943,0.321814974650826,0.24569099966889713,0.9274654314707081,24.07270282345473,27.954468261343397
H.O.T.,Outside Castle [The Castle Outsiders],0.847155427871578,0.9236370884463848,0.30306058853134826,0.2732866198008618,0.09028744010039064,63.58554446492644,55.55240656697508
House Rulez,Do It (Feat. 이윤정),0.6654853730091297,0.8694921808038633,0.7716279325800974,0.7837212816085615,0.3350735550078105,74.70990171010278,69.7720565622551
House Rulez,집 (Feat. 유미),0.6654853730091297,0.6883842049014488,0.3478442643034202,0.46410175145252436,0.08144050439799794,53.25738350081418,50.55658232847855
HYNN(박혜원),시든 꽃에 물을 주듯,0.014284476332926876,0.27005115410634034,0.3117247501139253,0.3254885380826704,0.050283514087438856,21.07995121489175,16.518991499186782
iKON,사랑을 했다 (LOVE SCENARIO),0.47574580447627257,0.41011848869804035,0.4359656319777199,0.5215009317579024,0.443596094511146,44.28993853969195,46.71630928585521
iKON,취향저격,0.16724242015660895,0.054638732464827644,0.20030236288074588,0.2064621365106042,0.8738924702712241,20.339991027158483,24.110298821451877
ITZY(있지),B[OO]M-BOXX,0.5681621000271329,0.486295962511664,0.8505590426765092,0.8875218827597748,0.9503907759369404,66.20538794150656,71.85496989429704
ITZY(있지),달라달라 [DALLA DALLA],0.5681621000271329,0.4229336826883486,0.9241702872882767,0.917905731861244,0.6594593031176357,62.53764540363093,70.39193424213556
IU,Voice Mail (Korean Ver.),0.47574580447627257,0.1567663120519744,0.03763568780015316,0.04490029508971434,0.10532488155508568,18.040534094055488,23.301463772918854
IU,금요일에 만나요 (Feat. 장이정 of HISTORY),0.9616651879862623,0.25262373102399927,0.5266367279630196,0.3878900659343859,0.4128833749082561,47.878721968372034,63.41221445672115
IU,사랑이 잘 (With 오혁),0.6654853730091297,0.2792473444003366,0.6176730732942155,0.5616998870540102,0.6729946363350469,49.18000793597094,59.72929393468354
IU,싫은 날,0.6654853730091297,0.2669420158142549,0.15936294234904308,0.18526548246209296,0.04383648524294711,29.465666616784056,36.61976842715993
IU,있잖아 (Rock Version),0.9154939676959741,0.7103412046032576,0.8974451640855756,0.9006748712242875,0.8248962942700326,81.92814247470452,87.93453440276913
M.C The Max,One Love,0.020650929156249623,0.6473115061492799,0.3052235525540961,0.2549649541315432,0.08230100429531517,35.78260946444669,19.32593240440872
M.C The Max,사랑의 時,0.010069333227777082,0.07914396005831176,0.08487122930380403,0.07170918084589427,0.3403942405805973,9.185603867229007,7.72976353849414
Mayson The Soul,홀리데이 (Feat. Beenzino),0.47574580447627257,0.6916385424129659,0.2233828957283307,0.2728900383936448,0.45313214319195955,48.908337516466744,40.40299771753966
MC Sniper,민초의 난 (추노 OST),0.847155427871578,0.07052905026169475,0.27319930268413506,0.25006569262232187,0.6966537653523918,34.69545120132919,52.02334517713312
MC 몽,Lucky Man,0.47574580447627257,0.9002742105286706,0.8753541620469911,0.8630331282918791,0.7332744693158744,78.99604372768964,70.13306478427376
MC 몽,그래도 남자니까,0.13409901690031967,0.2700824410406871,0.45752067302171606,0.41119384101309864,0.5172657614083496,31.92028746428268,30.611732981199452
miss A,No Mercy,0.847155427871578,0.6342788594318342,0.5774037826589896,0.583390048909292,0.8707284624122298,68.40352370109994,72.15216696466939
Miya,바람에게 부탁해,0.847155427871578,0.018849850300872807,0.6849494330447052,0.5688619102197441,0.3737268162030411,40.82197849458843,62.88821064519126
MOBB,빨리 전화해 (Feat. KUSH),0.3923711178932867,0.23771487044615525,0.909079409053915,0.8385842622524319,0.9949247174640197,53.87269515395476,62.97451402096016
Nell,Good Night,0.9867214565421997,0.5453787502570976,0.30111044159617495,0.2519094149529634,0.5329906605423913,55.42078872800494,61.31294950066564
Nell,기억을 걷는 시간,0.10757579672157624,0.6234266234297818,0.29517648342179775,0.28688547326021985,0.19495787549340043,37.81054402759495,24.128115991735225
S.E.S,Be Natural,0.10757579672157624,0.9912890976838292,0.8555203535488229,0.869472943680428,0.39405184364918006,71.54873478605722,52.65630722677816
S.E.S,Just a Feeling (Remix Ver.),0.3923711178932867,0.973214777644681,0.9662735104300489,0.9726032732874059,0.2804446436058232,78.63196284118624,67.00897460258561
San E,Rap Circus,0.9616651879862623,0.39727087457884785,0.1732319091640614,0.21001987149716256,0.774032086476629,48.42929650589831,57.844672743229744
SG 워너비,Timeless,0.3199772389206965,0.8156459499633566,0.7880705078807712,0.775224805103685,0.13204191254695752,63.85946011107005,53.54187444162013
SIM2,"We call it (Feat. Hauzee, kenessi)",0.2083709341932341,0.904782204871897,0.8034089353181244,0.9496298513520249,0.2925671212944754,68.84885531156804,55.36910636279608
SIM2,"위태로워 (Feat. Rovv, BOiTELLO, Holynn)",0.3923711178932867,0.5335352780244782,0.8747302810570823,0.8742067218366353,0.472237883706447,60.14788515541733,60.73131639091507
sokodomo,"BE ! (Feat. 팔로알토, lIlBOI) (Prod. PEEJAY & Slom)",0.16724242015660895,0.8330665480536288,0.5026775210079923,0.6107557855788743,0.3246667579427916,56.07528618065384,40.535695997965895
SOLE(쏠),왜 (Feat. 개코),0.10757579672157624,0.1561085185582718,0.15418987855206373,0.21642160230714852,0.7488120245452604,21.13199051632776,20.764466917082615
SUMIN,Fightman (Feat. sokodomo),0.3923711178932867,0.9867653052549337,0.8727295152349912,0.8966924577025848,0.5584673245861628,79.32422269565038,66.53561047289395
"SUMIN, Slom",신기루,0.6654853730091297,0.10026898064357653,0.18748864824279438,0.17902511009817657,0.15991957523749117,24.459686504138222,36.551575645995285
Supreme Team & 영준,그땐 그땐 그땐,0.47574580447627257,0.5603554363336121,0.3936286953788387,0.3384096469832813,0.7417930755628936,50.603734675908456,46.692084145258356
Supreme Team,땡땡땡,0.6654853730091297,0.8527217032903058,0.6769419743679235,0.7847161963582003,0.6381239216677158,75.18581625941246,70.76103458446788
Supreme Team,말 좀 해줘 (Feat. Soulman),0.47574580447627257,0.7503512924345956,0.5359484975215312,0.6076225850708368,0.6409405967984632,62.7335695560329,55.81417272322886
The Quiett,"Airplane Music (Feat. Basick, Rimi, Beenzino, Fana＆San E)",0.6654853730091297,0.33974150679384413,0.2758022997139273,0.2724928285958168,0.8062947414489827,43.203289426662906,49.04567996898833
TWICE,CRUEL,0.5681621000271329,0.6087810395227846,0.9633312097466384,0.9471668628928898,0.9464066632555003,73.9168430378707,76.48832248165873
TWICE,TT,0.6654853730091297,0.5219007272224648,0.7494320897820077,0.7883354005809529,0.7152489003209288,64.21022135374015,69.74626100305834
UZA&SHANE,Kisscuse Me,0.2588771124210463,0.5833544931134321,0.5726025399765582,0.6128800798451028,0.6123833568603065,52.21640713954347,46.02211539301246
W & Whale,R.P.G. Shine,0.2083709341932341,0.5799303242292616,0.500827786841461,0.5890571298517794,0.2605249602211773,45.87700829059393,38.53708854609856
Wanna One(워너원),모래시계 (Prod. 헤이즈),0.16724242015660895,0.11968516918775363,0.11538441355207929,0.11661464987530579,0.5428853181235905,17.034943121672875,17.9553829479255
Wanna One(워너원),영원+1 (Prod. Nell),0.47574580447627257,0.4378249297093799,0.27001733323354815,0.22880162869965115,0.44382146112507076,39.15449084081882,37.8226753260594
YDG,"JaJaJa (Feat. Dynamic Duo, Crush)",0.13409901690031967,0.21841211573628078,0.16367463242704977,0.1937779297751555,0.7798955412788562,24.428692326538737,22.49608849020826
YENA(최예나),Lxxk 2 U,0.9616651879862623,0.9015278034192622,0.9881844014434228,0.9920289826393257,0.7356546345979882,92.33494009773733,94.44269958127796
YUKIKA(유키카),Yesterday,0.2083709341932341,0.3763116887300111,0.5166810730701766,0.5038213876253876,0.843474537709052,43.026466947813056,40.942748846031286
YUKIKA(유키카),서울여자,0.47574580447627257,0.3908089929780525,0.5844848906523238,0.5331797719365503,0.9444973521783416,51.61374486284295,54.736188882392334
Zion.T,양화대교,0.08644037671339949,0.1726317506034905,0.25793145447438953,0.19381245165711297,0.06151371540805819,16.34596831854711,14.833947851281515
Zion.T,잠꼬대 (Feat. 오혁),0.5681621000271329,0.010974475382339935,0.09857477698117861,0.10435239957962467,0.4680073731281188,19.49731428253726,31.574846017405964
가인,피어나,0.5681621000271329,0.8661415343352801,0.7174399733316481,0.77568770298673,0.8808899031157498,76.92347890161162,70.05935190196317
거미,기억상실,0.2083709341932341,0.5923765307727747,0.45387553223152755,0.43119430062666286,0.17426414090406545,42.994574974713515,33.70264074166157
거미,미안해요 (Feat. T.O.P),0.5681621000271329,0.825184638146677,0.8480646661618271,0.8271907489332273,0.04731074228528021,70.07693576183136,64.95654610730598
기리보이,호랑이소굴 (Feat. Jvcki Wai),0.16724242015660895,0.17589508308143548,0.2866426817559336,0.2837975903680618,0.9438771153062333,28.390252418251222,29.296224232620954
김동률,다시 사랑한다 말할까,0.847155427871578,0.35060150252951194,0.2900676439148986,0.18720777120380322,0.07450682940718212,39.38566754301986,47.682808736604095
김범수,하루,0.761206540659798,0.6163413510825312,0.2698111174649106,0.2460850509244646,0.13798304340376022,49.114688149077665,48.30942893904234
김연자,아모르 파티,0.761206540659798,0.3628087057199031,0.4677998623662086,0.4680550956683746,0.9034817444312209,52.80784469031221,61.82826528859482
김완선,삐에로는 우릴 보고 웃지 (2019),0.3199772389206965,0.3088627530537674,0.33859291460762353,0.3385706976839741,0.7007259413738323,35.918879583295166,36.438248746935805
김원준,쇼 [Show],0.847155427871578,0.8918100510474807,0.7513898570050908,0.7524116967096854,0.191603235218263,77.08345705871209,74.79638105181607
김윤아,봄날은 간다,0.2083709341932341,0.09885388375200754,0.008089769219273275,0.009766342032569425,0.06633788830755405,9.044411721731684,10.343877313361833
김진표,가지말걸 그랬어 (Feat. 주영),0.3923711178932867,0.28796335683302343,0.2055998976793612,0.20427696412303248,0.20948685248871768,27.6155927508914,28.866884044996752
김진표,쿨하게 헤어지는 방법 (Feat. 잔디),0.3199772389206965,0.8676368147101965,0.5735091273415297,0.7180697088588295,0.2697491212955241,62.45338821519592,50.004525640892254
김트와친구들,COWARD,0.9867214565421997,0.24637693913809355,0.13887697354119166,0.1135331244562689,0.14123824510838112,34.91475986283807,48.393212064101945
김하온(HAON),붕붕 (Feat. Sik. K) (Prod. GroovyRoom),0.761206540659798,0.6833992679330153,0.7270687097220563,0.7112570990752802,0.5293736719277905,69.50778343498841,71.3425072009467
나얼,귀로,0.3199772389206965,0.153899106871753,0.06664093677103669,0.05040529251435894,0.4998064557985784,19.39044527183416,21.67706976923909
넉살,필라멘트 (Feat. BSK A.K.A 김범수),0.761206540659798,0.5637671963033584,0.5694021339622957,0.5129195300532212,0.7090794554097839,61.38285119920626,64.82316142383368
노라조,우리동네 HERO (열혈사제 OST),0.9867214565421997,0.571374889182037,0.5238486212614799,0.6194517654009682,0.8440099209910259,67.701013987275,76.48871409666758
노바소닉(Novasonic),또 다른 진심,0.761206540659798,0.6765760525374092,0.9141097935941317,0.9422947253820494,0.42280771491214075,74.22039318951686,78.57018968041103
노브레인,넌 내게 반했어,0.9154939676959741,0.8701232889478371,0.5373265021513617,0.6898288479617126,0.785089763846892,78.61052707294625,77.71499623804775
다이나믹 듀오,북향 [Hemi's room] (Feat. 오혁),0.05627712148977717,0.18183348973065905,0.18235709964186353,0.1876469180042707,0.662543693980757,20.54793013170945,18.09493704962793
다이나믹 듀오,청춘 [Spring Time] (Feat. KimC),0.08644037671339949,0.4685794924393201,0.3621481578391727,0.36680020390813833,0.5572933518005347,36.95588594571098,28.295310745880748
듀크,천국에서 내린 비,0.2588771124210463,0.16013250171770887,0.43638186075386337,0.36978120728791575,0.17926299666630913,25.800921571748802,29.872300841517617
드렁큰 타이거,8：45 Heaven,0.10757579672157624,0.7720718696161454,0.13321597211452268,0.1530168906395527,0.45558378467879934,41.78471691455131,22.304245666894005
딘딘(DINDIN),Must Be The Money (김과장 OST),0.3923711178932867,0.2557426281453423,0.574374764267148,0.5148902434873117,0.8792157311290894,43.50568251518639,48.829728463564976
딥플로우(Deepflow),"작두 (Feat. 넉살, Huckleberry P)",0.9867214565421997,0.8602479860994452,0.571796000541686,0.5216934765867746,0.884033082003133,79.63753417155459,78.78145848528297
뜨거운 감자,고백,0.47574580447627257,0.15466703356645028,0.28333536748172716,0.1661032907083288,0.5274720209422042,28.304057898323336,34.839995887938564
래원(Layone),Mask On (Feat. 팔로알토 & 쿠기(Coogie)) (Prod. 코드 쿤스트),0.847155427871578,0.17975064793761591,0.2692908118104367,0.24134902563499594,0.7826879926270098,39.75932089376499,53.723400269418036
러브홀릭,Love Holic,0.761206540659798,0.7038229743560537,0.6465230494589803,0.6470841806591787,0.4865182683766925,67.64353526697643,68.22381865608256
럼블피쉬,으라차차,0.5681621000271329,0.9469486182022158,0.4696211878486939,0.5807980118077595,0.8836545093239825,73.27813569692258,62.040899269476355
레드벨벳(Red Velvet),러시안 룰렛 [Russian Roulette],0.6654853730091297,0.8848045197677045,0.9489817728790679,0.9675524434060615,0.8835358410798226,86.19240655333097,82.63350285454304
레드벨벳(Red Velvet),피카부 (Peek-A-Boo),0.9154939676959741,0.36248342739947925,0.32881777363553966,0.4487759598569614,0.6868602555686139,50.741934076865206,62.66507020736992
레인보우,To Me [내게로..],0.6654853730091297,0.742562138583666,0.7290022617927335,0.7566720630658151,0.9306601714690468,74.46556058473253,73.0651245180633
렉시,애송이,0.3199772389206965,0.7816682573111748,0.798479422528076,0.8400601430992835,0.7596608546512158,69.63307349892744,60.98317198899896
렉시,하늘위로 (Remix),0.6654853730091297,0.8442471683653802,0.9759886184491178,0.9542988530885159,0.42342205339167727,80.37657562858207,77.90185656868843
로꼬,시간이 들겠지 (Feat. Colde),0.47574580447627257,0.19810321314032547,0.08763784413022063,0.10894326265166121,0.26495724764598183,22.930806600719315,27.592058922551608
로시(Rothy),구름 (뷰티 인사이드 OST),0.08644037671339949,0.2231042655773715,0.6142565735382993,0.5364406428494506,0.6973287907247527,35.27580396387087,35.67588995931222
롤러코스터,내가 울고 웃는 사이,0.9616651879862623,0.05662813446977835,0.4182080314608232,0.20669062284387651,0.2703219139893218,34.632715136064824,54.23408109013549
롤러코스터,"힘을 내요, 미스터 김",0.47574580447627257,0.5027751229065576,0.3513112185949452,0.29542327612854363,0.3594920464223823,43.20129860319592,40.58719376681008
리미와 감자,치킨,0.2588771124210463,0.605798591630464,0.5696896144142433,0.7357751750213792,0.7194842650051477,55.35587260218962,49.71720885191042
리쌍,내가 웃는게 아니야 (Feat. ALI),0.0696342145819519,0.6417966704012554,0.5157264544840569,0.45801311428059666,0.6151986167101278,48.111197507277645,34.83011282968498
리쌍,회상 (Feat. 백지영),0.2083709341932341,0.13882964526963043,0.032060263929232426,0.04056201136213526,0.8234374897460535,19.001804784316434,19.409954223713555
린,사랑.. 다 거짓말,0.014284476332926876,0.1114618376971751,0.12492132387508337,0.10882720545220032,0.2810512284555502,11.141373851124714,9.171480301390002
"릴보이(lIlBOI), 원슈타인",Circle,0.3199772389206965,0.11328632734983529,0.6776488014395847,0.7066092409446145,0.23784355892155123,33.92850189986069,43.99554926722571
"릴보이(lIlBOI), 원슈타인",LASER (Prod. PEEJAY),0.3923711178932867,0.2436652875024729,0.29511048744027324,0.3549229980653745,0.4946493704446,31.991967291869862,36.078661005315155
"릴보이(lIlBOI), 원슈타인, 미란이(Mirani)",HEAT,0.847155427871578,0.8287921592849139,0.9032661706974117,0.9674736186717592,0.8487175901151088,86.32203043064504,88.07611039624678
마마무(MAMAMOO),I Miss You,0.47574580447627257,0.5434782222937636,0.4285559275484234,0.37483533584788986,0.8214753969998915,51.78827086072228,48.74719363991372
마마무(MAMAMOO),Love Lane,0.10757579672157624,0.1322021024676036,0.5378305587998677,0.38917353650056263,0.623962731883082,28.327573892969472,30.404762118378514
마마무(MAMAMOO),봄타,0.10757579672157624,0.3583581534233659,0.4823851859838547,0.41326345059012953,0.7449837240082398,37.71601753702694,33.24942337465879
마마무(MAMAMOO),음오아예 [Um Oh Ah Yeh],0.2588771124210463,0.8178260562948656,0.8588807672169768,0.8873352501852221,0.9073955682584641,73.01550802899195,62.53162109041912
마미손,"땡큐땡큐 (Feat. 장기하, YDG, 머쉬베놈)",0.2588771124210463,0.3877432149562811,0.5621385672507996,0.6022875439097505,0.9416279566622038,47.36919719740771,46.9373184362377
머쉬베놈(MUSHVENOM),"여백의 미 (Feat. Jessi, JUSTHIS) (Prod. GroovyRoom)",0.3923711178932867,0.821817179598676,0.9121740317073499,0.9049887658943445,0.5876274035660148,73.88975187056336,66.13254649941226
멜로망스,선물,0.9616651879862623,0.19009654111779511,0.05936254340336584,0.05545273228657724,0.2392203105462693,30.971146700832833,45.056081549889996
모모랜드,Same Same,0.5681621000271329,0.6454531257726582,0.9118045467987754,0.8740957024899337,0.8113422821247408,72.27183781357124,73.0124430658335
모이다 밴드(Moida Band),Any More,0.2588771124210463,0.6297383107896046,0.7149874500589873,0.63732598070432,0.08615375027744054,51.90162099100246,44.56027372277845
문별,머리에서 발끝까지(Shutdown) (Feat.Seori),0.847155427871578,0.7463537861756558,0.9525437510005567,0.9095970897012524,0.8208211072276695,83.15231699375815,86.80078286293255
미란이(Mirani),"Achoo (Feat. pH-1, HAON) (Prod. GroovyRoom)",0.847155427871578,0.6635291271566168,0.8370015033748246,0.8157236640705378,0.8124956280542185,76.50649663244029,81.70096801587871
미란이(Mirani),티키타 (Feat. 릴보이 (lIlBOI)),0.2083709341932341,0.22360347720963603,0.8857495175258898,0.7854161043562631,0.9615779658306898,48.29648882463744,53.60996423577568
"미란이, 먼치맨, 쿤디판다(Khundi Panda), 머쉬베놈(MUSHVENOM)",VVS (Feat. JUSTHIS) (Prod. GroovyRoom),0.847155427871578,0.9985560807901742,0.8393507496620431,0.8367613855636604,0.9532764044194758,91.57274468211075,86.9267846714737
바비킴,일년을 하루같이 (쩐의 전쟁 OST),0.9968288087825973,0.07606754866269269,0.2525128684995148,0.22216527576145395,0.3295015790066359,33.546204039830855,53.42240651321656
박기영,시작,0.9154939676959741,0.4387634537421857,0.8462272807910366,0.7411820608810081,0.2309871622863119,62.50665535110085,75.06545170156484
박문치,"Blink (With. 라라, 이아일)",0.10757579672157624,0.042782357444122544,0.3822373682844743,0.22709834820368557,0.7014488064157324,20.793029144080094,23.932057837224797
박문치,네 손을 잡고 싶어 (Feat. 강원우 Of 일로와이로),0.3923711178932867,0.18886197751557027,0.22139857940144442,0.22315949319951134,0.9120850249694079,31.182318228206626,35.595476192600366
박미경,이브의 경고,0.761206540659798,0.9669931663718629,0.8460777408045457,0.8386867733143524,0.624619976336254,85.45847978066745,80.05968333585105
박상민,헬스 클럽 아가씨,0.47574580447627257,0.8342038215311041,0.7587347968405359,0.7914257351065297,0.08550759089377596,66.8270981475834,59.230156942241
박완규,Alone,0.10757579672157624,0.6454824647966306,0.3952453543278816,0.3602360266453305,0.7423203237090089,46.90128511639777,33.29068737338369
박재범,"All I Wanna Do (K) (Feat. Hoody, Loco)",0.16724242015660895,0.43478802956799445,0.565848869444133,0.5702659895857451,0.5003197043683076,42.75920391427515,38.763071326224946
박정현,꿈에,0.761206540659798,0.9868726804759197,0.37651990292756154,0.4648563281707675,0.01874146172769769,67.06541398976863,57.33192767039467
박지윤,Steal Away (주인공),0.2083709341932341,0.5288379056988092,0.5227999540552046,0.4760520393349301,0.1864696544126659,42.402150930397106,35.46495283664681
박지윤,미스터리 (Feat. San E),0.761206540659798,0.18206260357841814,0.417054931916279,0.3661641536904898,0.7178837254289194,41.68821238585235,55.112106628600664
박진영,"FEVER (Feat. 수퍼비, BIBI)",0.16724242015660895,0.3385466569478349,0.725903053789943,0.7614530119690609,0.5147929405433356,44.1672352819684,44.970214096356145
박진영,난 여자가 있는데,0.10757579672157624,0.6644091297562769,0.7465179660176138,0.7058563367644195,0.07367718889491298,51.4535757016282,40.731381111015615
박진영,날 떠나지마,0.5681621000271329,0.9213924629320156,0.8530313186205947,0.8297306716462332,0.07419879008196582,74.31886150751716,66.33763633656167
박혜경,카누를 타고 파라다이스에 갈 때,0.2083709341932341,0.9761923117320882,0.7817648404958502,0.8563467963123486,0.10610306574341766,68.47490658362287,51.920023878648394
박효신,눈의 꽃,0.847155427871578,0.4110689714374161,0.15253815088976747,0.11974148375907595,0.03853727017356177,38.019417972049936,43.82787222394977
방탄소년단,FAKE LOVE,0.9154939676959741,0.9956158985565188,0.9843904716252564,0.9951141406717948,0.6476300965429183,94.24976710083249,92.64231090477435
방탄소년단,MIC Drop (Steve Aoki Remix) (Feat. Desiigner),0.9867214565421997,0.6462918806376847,0.8637077725917885,0.8359372044195511,0.8145224134186912,79.36485598656958,88.06990074247854
방탄소년단,Trivia 起：Just Dance,0.5681621000271329,0.6228277489170688,0.7634267593194262,0.7239247944069427,0.8000810687434465,66.78494577511782,66.70260325221784
방탄소년단,Trivia 轉：Seesaw,0.3199772389206965,0.6436089126869735,0.8063969076829838,0.7097856167870573,0.6739385400330343,62.10908100775347,56.29821457342876
방탄소년단,봄날,0.3199772389206965,0.9998733206849192,0.9354498238076756,0.969134085951113,0.8601827581265997,83.39664252274133,69.49132854011881
배연서(WEBSTER B),"이로한 (Feat. ELO, Jessi) (Prod. Padi)",0.16724242015660895,0.8983496186071398,0.37368303301825617,0.44884243313173455,0.40989391611083476,55.33985730020859,36.22264147644392
"배연서(WEBSTER B), 윤진영(Clloud)"," Like It (Feat. 행주, 보이비)",0.47574580447627257,0.812721078613899,0.8740862389127118,0.8714532523409559,0.4642234961835211,72.86225149758042,66.71006775209847
배치기,궁금해 가끔 (Feat. 구인회 of MAC),0.6654853730091297,0.9841686339427136,0.879815539935548,0.9246387740245612,0.647398916521743,85.99314052206515,79.02417670421194
백아연,그래서 요즘 생각이 많아,0.10757579672157624,0.09254234187045801,0.17027435071582403,0.1907610881669477,0.4868323502307023,16.034631007542828,17.317487567530087
백아연,변덕쟁이,0.47574580447627257,0.2697800766591656,0.5123196995839654,0.39670857292916417,0.7822456515159066,42.3420553920221,47.73065491106422
백예린,0415,0.47574580447627257,0.08712986431824254,0.2716644537963572,0.20446323315448972,0.7134102772391328,27.612134842118518,36.55778733364159
백예린,가끔,0.13409901690031967,0.5674129600502046,0.32148046161309796,0.3205573966034342,0.6706883973581654,41.720565911892535,30.58573141442713
백예린,내가 날 모르는 것처럼 (Feat. 카더가든),0.9154939676959741,0.5490455439526063,0.6097889597610118,0.5562868841841764,0.1337383757022027,59.36773290610776,66.76911478329082
별,12월 32일,0.13409901690031967,0.09503715049802286,0.08582917473771978,0.08047015201902569,0.021770667020626844,9.222458043078229,9.858025386334194
보아(BoA),"ONE SHOT, TWO SHOT",0.5681621000271329,0.1675584741529323,0.45295228150912253,0.39462700072969936,0.6897903104037095,37.96879970817649,48.25155749142817
보아(BoA),공중정원 [Garden In the Air],0.2083709341932341,0.9821257064428673,0.8587798293940249,0.8976094188939958,0.5341027250967293,74.94516496936711,58.62490664888575
볼빨간사춘기,Blue,0.47574580447627257,0.1543370773506807,0.2643624989718545,0.28092956472984143,0.737535066648481,31.16029547677299,38.85439489307644
볼빨간사춘기,XX,0.13409901690031967,0.267299837671055,0.3021834496595154,0.34249456609007395,0.874374771684902,31.586336215788663,29.674267084564143
봄여름가을겨울,"Bravo, My Life!",0.10757579672157624,0.5706195982226114,0.4857092403825539,0.383068772539072,0.32680811768326146,41.789253573210395,30.652869286354303
브라운 아이드 걸스,L.O.V.E,0.761206540659798,0.25471426134183894,0.7008061948730447,0.5509795436356542,0.6008164092063464,50.94678469275041,64.03928310204775
브라운 아이드 걸스,다가와서,0.03718775264562965,0.6657475324833674,0.3687057586773056,0.34986930062118216,0.111263101870345,39.35909555070867,23.629117635332065
브레이브걸스(Brave Girls),운전만해 (We Ride),0.3923711178932867,0.32737191808334404,0.5105704275988414,0.535263174396917,0.9875017759451614,46.38135713659711,49.76025369593169
비,It’s Raining,0.2588771124210463,0.30238356433771607,0.5413303706363074,0.47548900274338446,0.7926528506491968,40.78091076858153,41.641836114304816
비,태양을 피하는 방법,0.16724242015660895,0.42383514858592836,0.5874513952193903,0.5742785002182409,0.0666115900692732,38.45618315383226,34.828762101569
비바 소울,Cry (Feat. 하동균),0.2083709341932341,0.23644884305516722,0.4596495317863299,0.36512983448910596,0.5958331135301475,32.427992521990504,33.153244259091224
비스트,12시 30분,0.2083709341932341,0.5290073105574814,0.5822453486683845,0.507107107091232,0.8456378207426907,50.500067357870854,43.86833779592341
비투비(BTOB),봄날의 기억,0.05627712148977717,0.299030118527284,0.3981490711248114,0.2651746828803768,0.8126346855953278,31.827822278140182,26.63420798092097
빅마마,Break Away,0.08644037671339949,0.5219823838170129,0.3287865029483674,0.29045400436262847,0.21663377739152112,34.254710763457346,23.228586826841237
빅마마,체념,0.761206540659798,0.373173190055556,0.0805111046586039,0.07773055569871884,0.06471042960174844,33.18569036159494,37.99193103011141
빅뱅(Big Bang),Dirty Cash,0.6654853730091297,0.7836988762019969,0.7604246489369908,0.8479971843973162,0.7367384224171256,75.71351155514671,73.99222457324255
빅뱅(Big Bang),IF YOU,0.847155427871578,0.15107790469224414,0.22643921376434734,0.16240155093115216,0.6180949851682167,35.31997438140196,49.35476130737772
빅뱅(Big Bang),This Love,0.16724242015660895,0.7908644718593911,0.8089605115604599,0.8780826277494724,0.29863898230342434,62.92585360924599,51.32559413409116
빅뱅(Big Bang),착한 사람,0.5681621000271329,0.19024210924409735,0.4254426340216668,0.3983783220595068,0.2427360812001052,33.89292308333601,43.53268502715081
빈첸(VINXEN),전혀 (Feat. 우원재) (Prod. GroovyRoom),0.2083709341932341,0.16901739304287233,0.3025952045276378,0.3064710183595701,0.47557304638984366,24.80045914362647,26.962066219800683
샤크라,끝[End],0.847155427871578,0.19077787462807327,0.444826430088816,0.37329475735072865,0.6249799997279315,43.45349971511742,58.406219607214055
샵(s#arp),내 입술 따뜻한 커피처럼,0.13409901690031967,0.18591333193346365,0.24111960455620685,0.2198977829126475,0.24509509703493615,19.590834505944912,18.89439271507387
"서울시립교향악단, 박인영",빨간 맛 [Red Flavor] (Orchestra Ver.),0.5681621000271329,0.21947370615117456,0.05620283336728562,0.07711908979481906,0.01954064430201008,22.232844254903647,27.783065968859255
선미,24시간이 모자라,0.6654853730091297,0.6185973734291955,0.7037585107948391,0.7979029533487694,0.4619587801775836,64.72738994851073,67.45820573930516
소녀시대,Gee,0.2083709341932341,0.76234504674932,0.9083991954534982,0.9259096155867578,0.15181337950838797,63.6064344138589,54.162597851111556
소울라이츠,도시의 밤,0.10757579672157624,0.161094077416232,0.12056201362142643,0.08789893340171523,0.21487286276632178,14.034237265189702,12.23192021115142
송지은,희망고문,0.847155427871578,0.10381866726253641,0.32592501449119304,0.2918578022974161,0.7910590551643135,38.44352411237418,55.19065067490381
수란(SURAN),오늘 취하면 (Feat.창모) (Prod. SUGA),0.847155427871578,0.853551828513099,0.9497571285979027,0.8898947480170174,0.8036652390624812,87.01592414070856,87.25142532291733
술탄 오브 더 디스코,Shining Road,0.2588771124210463,0.08895618341889622,0.14734042966140798,0.11471543792049621,0.8901954230183715,21.731706787793613,25.38771791285261
술탄 오브 더 디스코,사라지는 꿈,0.3923711178932867,0.21916609920794555,0.03448072984549793,0.03820426614328858,0.8165909657508598,25.851633242035,27.506115285095255
스윙스(Swings),악역 (Feat. 이하이 & 사이먼 도미닉) (Prod. 코드 쿤스트),0.10757579672157624,0.36128962202189974,0.17314530202435707,0.1811079201364018,0.8501430821940325,30.378516879098996,23.50242335423755
신승훈,I Believe (엽기적인 그녀 OST),0.6654853730091297,0.03849636136725372,0.009974570737716156,0.011341423672454817,0.0531437769312253,15.693905335663867,27.962136191553395
신현희와김루트,오빠야,0.3923711178932867,0.25092369478893867,0.19941282359626628,0.1933953642969941,0.7679545478918148,31.4861257432367,33.73979090040421
싸이,나팔바지,0.6654853730091297,0.9131429921441006,0.8807372313821689,0.9208969611544127,0.7783536696513216,84.44267808164733,79.56706538905104
싸이,환희,0.47574580447627257,0.637926210048846,0.7680122142176825,0.8039978859207916,0.7030103331471582,65.46229096651244,63.87939961378042
"싹쓰리(유두래곤, 린다G, 비룡)",그 여름을 틀어줘,0.3923711178932867,0.9650906589508357,0.9210882879125655,0.9602441451725517,0.9282315235847017,83.757571161723,72.25471520278919
씨야,그놈 목소리,0.761206540659798,0.9318361309640559,0.9428826539221136,0.9830187716328985,0.8593489883422133,89.77890672995159,86.87814133055485
씨엔블루,Can`t Stop,0.6654853730091297,0.5976080216361921,0.6610797934099195,0.5624649212989817,0.8470834068777294,64.53110747559579,65.53722349968243
아나야,큰 애기 놀아난다,0.6654853730091297,0.23171522313988058,0.3110736010486097,0.3983129286466946,0.3501423250479413,36.28434094369637,46.62572099614949
아웃사이더(Outsider),"Luv Business (Feat. Bizniz a.k.a Young GM, J'kyun)",0.6654853730091297,0.6722995043916846,0.805526191406309,0.7965739235066818,0.4779420559487455,69.05737125853042,70.16383282202932
아웃사이더(Outsider),슬피 우는 새 (Feat. 이수영),0.13409901690031967,0.18528069909984962,0.05106249412327592,0.06700966492444989,0.4902703821616757,16.687258655327152,14.480914669582557
악동뮤지션(AKMU),200%,0.2588771124210463,0.5097255086024647,0.6711934005150348,0.747328014516904,0.3777691502493845,50.2414022504831,47.60045938599912
악동뮤지션(AKMU),시간과 낙엽,0.9968288087825973,0.19650938027141873,0.18462447364507856,0.15983146380518232,0.0402781019682118,33.49053651714421,49.13014592270542
악동뮤지션(AKMU),째깍 째깍 째깍 (with Beenzino),0.3923711178932867,0.19637836791945545,0.19941390444544804,0.18032823923536417,0.26334493256499925,24.127566881556543,27.886920594192258
애니밴드,Promise You,0.3199772389206965,0.7324941123536987,0.5875183251571167,0.6463378881774902,0.3666722513510505,57.579777170989615,48.467877460567486
양요섭,카페인 (Feat. 용준형),0.2083709341932341,0.11432229721823567,0.2295979954162118,0.1965476915204048,0.8310865695256526,23.608613091378917,26.31183977390058
엄프,"그래도 (Feat. 마수혜, 쇼리 Of 마이티마우스)",0.16724242015660895,0.3563163594616232,0.36121166520831105,0.3988313020576836,0.6206654078200887,35.01670318454105,31.660373824401372
업타운(UpTown),다시 만나 줘,0.3199772389206965,0.5626956939373979,0.7035750133321049,0.6590096591254377,0.37512261526566115,53.32019554646294,49.42896609800931
에반(Evan),남자도... 어쩔 수 없다,0.847155427871578,0.4756392394432629,0.710496454118279,0.6952613347174186,0.02928941631005837,57.424114727802426,67.05065944911028
에일리,첫눈처럼 너에게 가겠다 (도깨비 OST),0.761206540659798,0.2614807555749252,0.09900714694053658,0.12175335371814544,0.2823623948901521,31.70466146108668,40.30190314421633
에피톤 프로젝트(Epitone Project),"봄날, 벚꽃 그리고 너",0.847155427871578,0.01838790881401471,4.804051845282344e-06,1.8654830266558492e-05,0.002195936783792011,17.700866907169637,34.09252474848343
에픽하이(Epik High),1분 1초 (Feat. 타루},0.9154939676959741,0.21941309729691827,0.09106143939150163,0.08898902666458147,0.37356646109726793,33.53318691124474,46.15056361290249
에픽하이(Epik High),Fly [Hidden Track],0.6654853730091297,0.4636340121155126,0.5038641040898092,0.430423621263203,0.5745819581645698,51.982405820877005,55.68732913022626
에픽하이(Epik High),RICH (Feat. 태양),0.2083709341932341,0.6286778056083486,0.31846564100504127,0.3700134240679554,0.36835261831461,43.0675041521251,32.074722908418885
에픽하이(Epik High),당신의 조각들 (Feat. 지선),0.16724242015660895,0.7961602660155391,0.03166359542369322,0.0439611140468325,0.171664575862154,37.98078785131747,17.8804394144518
엔플라잉(N.Flying),옥탑방,0.16724242015660895,0.5317609498194094,0.4184728844461497,0.5009865651272988,0.925439659403553,47.24900633014006,39.65089188996295
영턱스클럽,정,0.761206540659798,0.6843137436591011,0.9041361287462175,0.817490549295419,0.17700775480542158,70.62438617549276,73.49401017186987
오마이걸(OH MY GIRL),Say It To Me (KARTRIDER X LINE FRIENDS Pt. 2),0.47574580447627257,0.5455099988838347,0.983528990329301,0.9738246212117885,0.7265289399471675,68.00943146305441,70.8972937981827
오현란,조금만 사랑했다면,0.6654853730091297,0.11634961066319105,0.19198262075557965,0.13880447035951715,0.42588701953353325,27.450259200752335,38.65752304463437
왁스,오빠,0.847155427871578,0.8262711167367371,0.8971918847822151,0.8831232278549419,0.1698532655137291,78.46755585623205,79.45376319011092
왁스,황혼의 문턱,0.47574580447627257,0.3823062881425918,0.40232365204713694,0.2563903798379047,0.20484796052511128,37.46602405980202,38.07565530342877
우원재,시차 [We Are] (Feat. 로꼬 & GRAY),0.2083709341932341,0.20228622024945864,0.3065529635332449,0.3766807628230535,0.9271696917214411,31.42843130995287,33.29407101456433
울랄라 세션,미인,0.6654853730091297,0.4591884833578913,0.7516377335025459,0.7011859551797799,0.48283158682983296,58.550176884645296,65.09608939588894
원더걸스, Rewind,0.2588771124210463,0.5870118472110926,0.7102543987203606,0.6831463402382185,0.6836563441042223,56.53113095469625,50.92978118916658
원더걸스,So Hot,0.13409901690031967,0.7474709249964004,0.894671586091812,0.949479380260996,0.04585863947243826,60.427629257033,50.180275647757334
원더걸스,아름다운 그대에게,0.6654853730091297,0.20076950895973483,0.5592786191581831,0.48176088471003387,0.9327769475720763,46.67143852455675,58.775669563047636
위치스,떳다 그녀,0.0696342145819519,0.8594682885586545,0.7790830092421551,0.8524406745898914,0.4126014248600228,64.00349701332746,48.13653939410578
위키미키(Weki Meki),OOPSY,0.9154939676959741,0.9132078116481219,0.9429030243974075,0.9744659284776388,0.90507663216707,92.4916779142396,93.14998220349182
위키미키(Weki Meki),Who am I,0.47574580447627257,0.1933537633708025,0.6535006841111262,0.6043999825875733,0.6689300136205848,43.05238026866165,52.81068328293877
유빈,무성영화 (Feat. 윤미래),0.16724242015660895,0.47862873012117735,0.6303125084883324,0.6530809020028855,0.5750793407251331,47.37785020502611,42.894645724551815
유빈,숙녀 [淑女],0.47574580447627257,0.6209093708500197,0.41095918397550807,0.5619572579505078,0.6486128523813022,54.6761757063545,51.18338324988444
윤도현 밴드,잊을게,0.6654853730091297,0.8206719077865055,0.1335389470218955,0.2103071589813275,0.19403300351043534,52.85076433699835,43.64338615339906
윤하,내 마음이 뭐가 돼,0.847155427871578,0.7192679422418023,0.1285607195184295,0.14533980498938692,0.18361870538367486,51.57462574120286,48.39309408127422
윤하,오르트구름,0.6654853730091297,0.38588416776960255,0.7587348552786486,0.727272238052075,0.811057343582809,59.3030670928885,68.30897190050378
이바다,야몽음인 (夜夢陰人),0.5681621000271329,0.697029024758336,0.5094783099706871,0.5621682427011444,0.7809972986174704,62.865624603475986,58.93967828828001
이수영,휠릴리,0.10757579672157624,0.9146985424493694,0.8187597801297601,0.7270022264463848,0.6648229087178416,69.03290458664377,51.01348651205806
이승기,우리 헤어지자,0.761206540659798,0.03781510596055031,0.05592647521140288,0.038320275069469875,0.38933814852794657,22.131848791820193,36.60472917689434
이용신,Smile,0.6654853730091297,0.5297287906108686,0.589375550364224,0.5236997464780876,0.8723738635357585,60.24710619204028,62.901947398677684
이적,하늘을 달리다,0.47574580447627257,0.9871542963183852,0.40921415250127124,0.5745967050920735,0.16555311168203285,64.58686916002735,50.233123410921976
이하이,안봐도 비디오 (Feat. BOBBY),0.3199772389206965,0.4451430686115979,0.3436179124617463,0.39206536567523453,0.14425761038249585,36.44085553269008,33.40676190950842
이현우,헤어진 다음날,0.9154939676959741,0.08293339532613642,0.027079560292893125,0.019172222419259935,0.26284594034519604,24.988988000467362,41.002587718795354
익스,잘 부탁드립니다,0.2588771124210463,0.5971564418299755,0.5251649950084968,0.5637543821652516,0.3069102717816071,48.27374636125847,41.17413917643265
일기예보,인형의 꿈,0.020650929156249623,0.7170634460353167,0.6405168605703773,0.5462396280523506,0.12194444124975556,48.58773432896627,32.95124581155527
자두,대화가 필요해,0.9616651879862623,0.3554937417916398,0.5878337544760899,0.48372923165121,0.02226932693605508,50.26971410678528,63.67549792927343
자우림,매직 카펫 라이드,0.6654853730091297,0.9683310291472643,0.5532592111549459,0.7884076418001258,0.133664032346827,72.32884959064162,64.47270259440754
자우림,"스물다섯, 스물하나",0.9616651879862623,0.3594778612179047,0.08345149017436965,0.09738749077729936,0.34505271337037813,39.7058500534056,49.1286928843667
자자,버스 안에서,0.761206540659798,0.612022940410027,0.826742971306478,0.8056219373268046,0.19628601960532654,66.25898742504792,71.17864939921111
장기하와 얼굴들,그건 니 생각이고,0.2588771124210463,0.1451433749278414,0.20010388992829348,0.2531485541396254,0.1816015193872843,19.33285577936955,22.687582321351485
장기하와 얼굴들,새해 복,0.6654853730091297,0.31970753824295567,0.22237838437590796,0.2776933506357818,0.950902196361762,42.83153214739442,49.32694696664616
장기하와 얼굴들,초심,0.761206540659798,0.2582541824545912,0.1829690673240016,0.22591678243180646,0.4151482503293228,35.624329785470934,45.360002949347226
장나라,아마도 사랑이겠죠,0.9616651879862623,0.4586691169784401,0.2608685099048776,0.20949500631906742,0.10723151935020553,45.96470389365314,53.53288420721585
장미여관,참을만큼 참았어,0.2588771124210463,0.3465424684464371,0.6797432923412184,0.6180939935514993,0.4483201996260102,43.29824876487787,44.260456895420674
장범준,흔들리는 꽃들 속에서 네 샴푸향이 느껴진거야,0.2083709341932341,0.06605770275673198,0.7032972695949129,0.49360099099241833,0.8660138829451016,34.47182092540742,41.59351843649432
잼 (Zam),난 멈추지 않는다,0.3199772389206965,0.9440174500659391,0.7189282439608844,0.7826471036574331,0.08846362673186259,67.24991496416214,53.15540727717223
전람회,기억의 습작,0.017134400206850156,0.7798276100200009,0.09682881461174808,0.13585020572018863,0.19240173153477974,36.75488806972169,15.061249830460547
전소미,어질어질 [Outta My Head],0.6654853730091297,0.3726718041369277,0.6751492562253386,0.7750971225423324,0.05838317558326479,50.054367731422445,59.93489229292053
정상수,달이 뜨면 (광대) Acoustic (Feat. 에스텔),0.9867214565421997,0.6187115720975557,0.49432963665151125,0.4723750370026552,0.1839869794423431,60.933104912226426,66.8299372501703
제시(Jessi),"Put it on ya (Feat. BM of KARD, nafla)",0.9867214565421997,0.1592129266851257,0.4466132912070944,0.5117632980813188,0.4344094163633108,44.49693916683721,64.5726134779406
제이,슬프지만 진실,0.16724242015660895,0.8809944553457516,0.9023667438116301,0.7968371554830914,0.32152048376841047,67.81553788570984,52.698924183300406
조성모,가시나무,0.3199772389206965,0.2669109123084124,0.0025581825762560563,0.004265644931912068,0.009024272386540095,17.26004409546007,15.694917953940749
조성모,아시나요,0.6654853730091297,0.6109230083851107,0.08427971691628477,0.09914678942250205,0.026392185164859496,40.68761187978633,36.66109698264063
조수미,나 가거든 (명성왕후 OST),0.761206540659798,0.7608260208421965,0.03163050515340701,0.05596274717267079,0.015574743885615352,47.00515666053482,39.96413432019159
존 박,3월 같은 너,0.2083709341932341,0.38687372683218024,0.5919564224779376,0.562320857325496,0.841907241596973,45.52377719593533,43.708192648089565
존 박,strangers (Feat. 유라 (youra)),0.10757579672157624,0.0027156987737233435,0.0012650399979262969,0.001638964185731936,0.8168447141786305,10.470281468982607,12.55671608205975
"주영, 조현아(어반자카파)",Door (Feat. Beenzino),0.847155427871578,0.39528371213287117,0.4650707930899124,0.4280163346428695,0.6575508016529533,52.91154426750288,62.276304807377
주주클럽,센티멘탈,0.847155427871578,0.5680670480478965,0.8491997024898044,0.8218155926055869,0.1056943175548794,65.92488363074817,74.04413667279871
지니,자유로와!,0.9867214565421997,0.5005293318507742,0.7618688619810134,0.7373353369140316,0.19612277322529326,64.32756074588849,76.41946329034957
지조,"꿈 (Feat. Kebee, 효빈)",0.0696342145819519,0.702764671931368,0.29471248292397706,0.33243000173097026,0.4832802076165026,43.554622920848026,27.188667071855726
지코(ZICO),ANTI (Feat. G.Soul),0.04565299056064824,0.45026333323020545,0.6830406095111818,0.6713488091857085,0.6443207104028075,45.74110052652998,39.85974843269387
지코(ZICO),아무노래,0.3199772389206965,0.5627422906188079,0.756565960751711,0.706454202043203,0.8811179794486141,59.91627743311864,56.498095513400365
청하,Bad Boy,0.3199772389206965,0.4036328388730945,0.7020650312460863,0.7330075342815812,0.9776088878846579,53.69232317992182,55.312958134958734
청하,Call It Love,0.6654853730091297,0.2778336766110635,0.204519338830859,0.1795294690374471,0.11780831912739426,31.486819182890727,38.25681103511589
체리필터,Happy Day,0.3923711178932867,0.30976310101912885,0.5879941545591234,0.5919997312449036,0.8052846142572052,45.97067294483444,50.44519958457535
체리필터,유쾌한 마녀,0.761206540659798,0.9218817272030557,0.6223488272236838,0.6658861625956487,0.6674681065566597,77.87991913731496,72.10645976037573
치치(CHI CHI),Longer (Remix Ver.),0.5681621000271329,0.15562955478209056,0.39866711855915693,0.45399503784981493,0.7472435168468397,37.574152109975955,48.808457845554045
카니발(Carnival),그땐 그랬지,0.2588771124210463,0.8771123016295241,0.6143469236136458,0.682410566953594,0.2193441617917149,61.5665200733279,47.25479894239904
카드(KARD),Dumb Litty,0.6654853730091297,0.2850009533143555,0.7369573793108639,0.7670932284717918,0.9716893141533437,56.83671860522544,69.2673297506953
카드(KARD),Trust Me (BM & Somin Ver.),0.2588771124210463,0.5396804838262246,0.26685380891364235,0.2838953074563273,0.4260265727651553,39.20105658195757,31.02713739015504
카라,Honey,0.847155427871578,0.710200926375408,0.8210516706257915,0.8504331284921947,0.7783767804856379,78.06027811474203,82.2016901658333
카라,둘 중에 하나 [Runaway],0.47574580447627257,0.25405684043714105,0.7008341719832986,0.5986679194565605,0.6959046562996174,46.63959890423884,54.51948897521566
컨츄리 꼬꼬,콩가,0.761206540659798,0.357675139911447,0.9318906100476932,0.8584902485957759,0.7254041487213025,64.00789258377849,77.0866716855888
케이윌(K. Will),촌스럽게 왜 이래 [You Don’t Know Love],0.16724242015660895,0.6014289615252866,0.9370166240075105,0.8253633186439442,0.585816860794026,60.25414113867355,53.809753882486575
쿤타(Koonta),"PROTO TYPE (Feat. 베이식 (Basick), San E)",0.10757579672157624,0.3840759232140271,0.18376369169077494,0.29483162734987745,0.6157484415717636,30.29562738602452,23.873181897534007
쿨,좋은 세상 만들기,0.2083709341932341,0.8871983120572354,0.8438208890274864,0.8465277735551362,0.2924114492228388,67.92116117448357,53.93790823218256
쿨,해석남녀,0.08644037671339949,0.825647322972951,0.8328876031902399,0.8558738956317746,0.17309716132917097,61.70216308660029,47.22028988799749
크라잉넛,룩셈부르크,0.13409901690031967,0.23147489079315875,0.3525572845743461,0.5293816650902915,0.39707874820353994,28.25672579415798,29.288276059272526
클래지콰이,Fill This Night,0.6654853730091297,0.6975354810053614,0.9186170250053769,0.7704240381350496,0.9425799380910959,76.71350696276605,76.8013903741383
클래지콰이,Love Mode (Feat. Tablo),0.47574580447627257,0.5446161606854,0.8470313138806751,0.7813244816041587,0.8132509903884804,64.18594351448135,65.1756195994864
클론,도시탈출,0.9867214565421997,0.8250363332720477,0.7684131639297882,0.8307577535031551,0.9968716228593609,86.38043950394683,89.67135617166093
클론,초련,0.847155427871578,0.997935613492741,0.9732860888440076,0.9874110047502713,0.44452633897103533,90.6456283112344,87.52477851138646
타블로,Dear TV／해열,0.9867214565421997,0.013537471077002438,0.006663224636200374,0.010050561358453633,0.1243449576101106,21.75314765633374,41.1819582684522
태양,"눈, 코, 입",0.847155427871578,0.10232214199737749,0.03732606904912405,0.05036559704507696,0.4258412774407005,26.54458436316692,40.92168463112792
태연,Fine,0.08644037671339949,0.5101908822611235,0.9109884938937529,0.8481143972305973,0.3794134436050643,52.6314911109446,47.53571614968486
태연,Lonely Night,0.9867214565421997,0.4310732364529472,0.63322577677189,0.5192475431804017,0.6099798047569345,60.934147603773035,72.92885507283265
터보,X [The Greatest Love],0.761206540659798,0.9735450246737748,0.6393144592305564,0.7181124526115317,0.5806289818335006,79.93963532920839,73.13853992830643
터보,회상 [December],0.2588771124210463,0.5802076890098804,0.6252639274200509,0.4880231169863579,0.41049240485170463,49.87628357559778,42.527826323585884
토이,세 사람 (With 성시경),0.10757579672157624,0.5890615997485912,0.18211798701005072,0.20019278663714146,0.486035322045516,36.21862075140277,22.700216559747965
토이,좋은 사람,0.2588771124210463,0.8915329178485896,0.6936621401237085,0.654551222331488,0.014834735482980756,61.40596134298337,46.38302827926148
투투,일과 이분의 일,0.2083709341932341,0.6254545907164608,0.6665961518811478,0.5646546721946939,0.005402961965279641,48.21810169174581,39.2684293760636
티아라,Bo Peep Bo Peep,0.6654853730091297,0.7132689203430453,0.9242079701358801,0.8881239116755568,0.9520403259421731,78.7262660527993,79.5191450194461
티아라,너 때문에 미쳐,0.761206540659798,0.3373879934857652,0.847795960672801,0.8248596359506599,0.990866194871727,63.83282807430646,77.18391544243606
틴틴파이브,머리치워 머리,0.847155427871578,0.6672328149700504,0.8049419069551385,0.7334763039337078,0.7192344424770443,74.25836675944386,78.519253907111
패닉(Panic),그 어릿광대의 세 아들들에 대하여,0.9616651879862623,0.7635379696789582,0.20046404549760505,0.18764083423799433,0.29469379063313217,58.60744970554694,56.811022717283386
패닉(Panic),내 낡은 서랍 속의 바다,0.6654853730091297,0.43207731789032444,0.03405266321618643,0.030040658724679294,0.15204971801537787,33.094757207519876,33.742551718239525
펄스데이,One,0.2083709341932341,0.6313272188206259,0.6439804974327372,0.7232874568708647,0.7216987799423329,56.74997975347644,49.210456441430985
프라이머리(Primary),2주일 (Feat. 리듬파워),0.761206540659798,0.806850698719991,0.42220056272905054,0.5084706913639505,0.9183840268628389,70.2107171988445,66.31403396408024
프라이머리(Primary),독 (Feat. E-Sens Of Supreme Team),0.9616651879862623,0.5655675044254492,0.3889084181622584,0.4456126693749056,0.1614336702855655,55.70463569659309,62.42704101730392
프라이머리(Primary),"씨스루 (Feat. Zion.T, 개코 Of Dynamic Duo)",0.3923711178932867,0.5961979317597557,0.8188785896137294,0.777196193224073,0.8669031281558173,64.51390463432945,62.24735097164324
프라이머리(Primary),"아끼지마 [Don`t Be Shy] (Feat. 초아, 아이언)",0.9154939676959741,0.36658317965622284,0.6928185667490461,0.6432948804700354,0.8813038271012987,62.075564950862656,75.82089771979581
"프라이머리(Primary), 오혁",eTunnel (Feat. 개코),0.47574580447627257,0.5650089318021663,0.09891452070086099,0.09585283760802032,0.32003679667479995,38.25246011845752,31.775636629998193
프롬(Fromm),ALIENS (With 김필),0.3923711178932867,0.25918270411820743,0.09723344568487541,0.10237482463890363,0.6322962463076537,27.506110145757113,28.60179962646566
프롬(Fromm),달밤댄싱,0.2588771124210463,0.06444146683226187,0.04728822138961353,0.06751621167100257,0.25633913307142014,11.9395187969279,15.858979157090992
프리스타일,Y (Please Tell Me Why),0.05627712148977717,0.14237769311429477,0.06822883880273203,0.05845582195072309,0.013407715243782708,8.903862302367035,6.342632158240964
플라워,Endless,0.03042573994955498,0.5401561887104717,0.1264211580283462,0.1572423637938125,0.27256154208234884,29.041224566738503,15.01747734235358
피비스,예감,0.5681621000271329,0.2886577475645831,0.3910111392881389,0.37672333418064285,0.22565089686986656,36.75351699939386,43.22425991480545
핑클,NOW,0.47574580447627257,0.691993666533641,0.46230973017344196,0.6257266373530795,0.4784773596916705,57.48289732478743,52.495269791834446
핑클,영원한 사랑,0.761206540659798,0.7883714138869536,0.4919931196818583,0.4753244920244585,0.23559401626589632,63.70803484521482,60.03426816204675
한희정,내일 (미생 OST),0.761206540659798,0.02941905363698118,0.12218020042578787,0.06310537595976654,0.013592771777976334,19.611478444568395,34.58409140825258
허니패밀리,좋은아침 (Feat. 박화요비),0.13409901690031967,0.5533815478737618,0.45376736716583405,0.5229153731213441,0.5669141586603321,44.790884914090306,36.100572547097286
혁오(HYUKOH),Citizen Kane,0.2083709341932341,0.2055599476067082,0.35814998094715633,0.3133075725279729,0.7751164395166199,30.437056327522065,31.57075230846523
혁오(HYUKOH),위잉위잉,0.5681621000271329,0.04828791974174919,0.03514161359426588,0.04049743237987575,0.4283487390640451,18.68605277653715,29.005631508626088
화사,LMM,0.761206540659798,0.23929772604845784,0.0269241884575558,0.03440316219154136,0.1629448102616406,27.30800334881721,35.69723400247484
황규영,나는 문제없어,0.5681621000271329,0.9955415290545852,0.989220791229365,0.9907422295006358,0.7779792755727095,88.65653403804681,80.0609524619583
휘성,일년이면,0.6654853730091297,0.4737055830262964,0.37629986351117606,0.3171155091116839,0.11061299305737526,44.06121307314856,46.3309081336591
휘인,파스텔,0.3199772389206965,0.03543204373416956,0.39273225471126616,0.3582941432648355,0.5952271455002525,25.206684509656913,34.12620940869411
