,아티스트,제목,곡의 빠르기,잡음,진폭의 변화,주파수의 밝기,파워
0,(여자)아이들,주세요,123.046875,408480,4450.751971597178,2145.944159997805,0.34049085
1,10cm,그러나,172.265625,369168,4796.969876211387,2088.306644376903,0.21275961
2,2NE1,Fire,123.046875,542012,6079.712957420096,2738.2150654745374,0.24686098
3,2NE1,살아 봤으면 해,184.5703125,509662,5021.371111968243,2468.225558804168,0.24714084
4,4minute,거울아 거울아,129.19921875,571112,6847.045294232611,2970.3186185975587,0.27582172
5,5mg,Coffee House,117.45383522727272,261638,6300.285884292063,2740.7441651613053,0.27648082
6,8Eight,사랑을 잃고 난 노래하네,123.046875,700490,6627.410826853688,3105.82352923784,0.24375069
7,aespa,Next Level,107.666015625,564108,4912.920423200956,2450.8638159649217,0.28576216
8,As One,비 개인 후 비 (Feat. 키디비),99.38401442307692,398008,5326.528559169649,2396.453292616417,0.2638707
9,B.A.P,비밀연애 (Feat. 송지은),123.046875,630798,6238.810999766063,2965.653153599263,0.2038336
10,BE'O(비오),Counting Stars (Feat. Beenzino),117.45383522727272,301280,4716.889942140508,2268.855505769461,0.19400878
11,BLACKPINK,뚜두뚜두 [DDU-DU DDU-DU],143.5546875,738022,6648.68084216065,3351.013033433004,0.24723402
12,BMK,꽃 피는 봄이 오면,129.19921875,508368,4276.920547653634,1986.9149585231733,0.2630444
13,BOBBY,연결고리#힙합,135.99917763157896,553448,4792.196483866079,2377.64847440556,0.22790268
14,CHEEZE,꼬일대로,123.046875,375176,5306.563246512567,2283.4126381651317,0.28087524
15,Cosmic Boy,"Can I Love？ (Feat. 유라(youra), Meego)",80.74951171875,331584,3452.894063350726,1752.0469552965196,0.11984208
16,DAY6,예뻤어,83.35433467741936,606922,4580.792430003595,2221.1384728412067,0.28665546
17,DJ AKI,Second First Date (Feat. Ritha K) (Bonus Track From Jazz Set),95.703125,356866,4766.157519638801,2200.887495949594,0.23636918
18,DJ DOC,겨울 이야기,123.046875,655924,6843.140194231492,3119.972650747097,0.19681622
19,EXO,Gravity,117.45383522727272,620382,6653.988751611342,2932.1798479799445,0.30118728
20,EXO,으르렁 [Growl],89.10290948275862,573340,5686.380434201953,2654.119948997879,0.29137102
21,Eyedi,& New,112.34714673913044,467010,4536.436939614332,2188.6061359685664,0.2682226
22,f(x),4 Walls,129.19921875,492168,5897.031119995595,2734.605341141343,0.275036
23,f(x),미행 [그림자：Shadow],117.45383522727272,602110,6620.776951681273,3021.193190611632,0.23838632
24,F.T Island,바래,143.5546875,567582,5509.538994692728,2557.916334471672,0.28711262
25,G-DRAGON,그XX,117.45383522727272,440998,4884.019347108594,2372.3866927594686,0.2228171
26,G-DRAGON,"불 붙여봐라 (Feat. 타블로, 도끼)",99.38401442307692,422728,4663.884472963312,2314.6499366224534,0.20902789
27,GD & TOP,Oh Yeah (Feat. 박봄),129.19921875,452590,5792.927909658431,2739.0178346332445,0.3180804
28,Glen Check,`84,117.45383522727272,597496,4766.398720349987,2533.396538054245,0.2110012
29,Gloomy 30's,바꿔 (추노 OST),135.99917763157896,635564,5043.330936174695,2387.54483279774,0.27092078
30,god,거짓말,135.99917763157896,752198,6972.921101138155,3271.272019061569,0.18036872
31,god,촛불 하나,103.359375,407546,5931.060825861623,2542.3234289940588,0.2045167
32,GroovyRoom,"Tell me (Feat. Sik-K, 기리보이)",99.38401442307692,341078,4306.8109027894725,2054.634709255852,0.3080048
33,GroovyRoom,"어디쯤에 (Feat. 수란, pH. 1)",95.703125,316206,4772.235505020773,2138.89686027274,0.32049838
34,H.O.T.,Outside Castle [The Castle Outsiders],143.5546875,690620,4720.331087723087,2176.069286026413,0.17407495
35,House Rulez,Do It (Feat. 이윤정),129.19921875,651812,5954.391523823359,2781.46158584987,0.22188719
36,House Rulez,집 (Feat. 유미),129.19921875,571562,4842.255408313262,2399.7761080832765,0.17111836
37,HYNN(박혜원),시든 꽃에 물을 주듯,66.25600961538461,431546,4744.47740949066,2241.7235877467424,0.15820159
38,iKON,사랑을 했다 (LOVE SCENARIO),117.45383522727272,480430,5067.491991906381,2462.6072625150773,0.23676373
39,iKON,취향저격,95.703125,306134,4402.05543999154,2081.902838570212,0.3041505
40,ITZY(있지),B[OO]M-BOXX,123.046875,504894,6242.978956166315,2968.451031621086,0.33052558
41,ITZY(있지),달라달라 [DALLA DALLA],123.046875,484596,6629.760623094512,3045.958089598684,0.26571402
42,IU,Voice Mail (Korean Ver.),117.45383522727272,381424,3482.986972687571,1699.0115977854507,0.17864159
43,IU,금요일에 만나요 (Feat. 장이정 of HISTORY),161.4990234375,424748,5290.850518800786,2314.831181677362,0.23266473
44,IU,사랑이 잘 (With 오혁),129.19921875,435044,5518.649417893978,2506.8251144885144,0.26766253
45,IU,싫은 날,129.19921875,430350,4248.720355387612,2048.433545823068,0.15476158
46,IU,있잖아 (Rock Version),151.99908088235293,579566,6466.601565472974,2999.840101319868,0.29311183
47,M.C The Max,One Love,69.83741554054055,557204,4726.387325070178,2151.6202744829734,0.17141622
48,M.C The Max,사랑의 時,63.02400914634146,330308,3880.460154984476,1800.77571557305,0.22264957
49,Mayson The Soul,홀리데이 (Feat. Beenzino),117.45383522727272,572732,4480.148008771917,2175.5489989709745,0.23802607
50,MC Sniper,민초의 난 (추노 OST),143.5546875,322570,4634.574916536008,2144.9298904039224,0.27115026
51,MC 몽,Lucky Man,117.45383522727272,671994,6353.899579089433,2916.36054781446,0.27680296
52,MC 몽,그래도 남자니까,92.28515625,431558,5120.900391892714,2341.1576249285176,0.2464593
53,miss A,No Mercy,143.5546875,552782,5416.660733635253,2530.946689982501,0.30335745
54,Miya,바람에게 부탁해,143.5546875,245678,5697.130791598961,2514.763498793525,0.22733049
55,MOBB,빨리 전화해 (Feat. KUSH),112.34714673913044,418734,6533.190548152885,2870.3833418414347,0.37880713
56,Nell,Good Night,172.265625,523710,4714.854138206591,2147.455700696644,0.24852762
57,Nell,기억을 걷는 시간,89.10290948275862,549140,4698.089144528642,2193.692137306865,0.19916959
58,S.E.S,Be Natural,89.10290948275862,810822,6264.110905283505,2929.384610293987,0.23011766
59,S.E.S,Just a Feeling (Remix Ver.),112.34714673913044,754078,7016.629133802628,3276.9027709782067,0.21374036
60,San E,Rap Circus,161.4990234375,476222,4303.191700255699,2087.3149700086465,0.28358147
61,SG 워너비,Timeless,107.666015625,623262,6008.780955458456,2768.959575665205,0.18571047
62,SIM2,"We call it (Feat. Hauzee, kenessi)",99.38401442307692,675314,6061.790251569281,3155.087021113925,0.21560566
63,SIM2,"위태로워 (Feat. Rovv, BOiTELLO, Holynn)",112.34714673913044,519926,6350.930179458067,2939.2443016480474,0.2405452
64,sokodomo,"BE ! (Feat. 팔로알토, lIlBOI) (Prod. PEEJAY & Slom)",95.703125,631818,5231.973842587354,2561.7962435708096,0.22038208
65,SOLE(쏠),왜 (Feat. 개코),89.10290948275862,381076,4227.613128450112,2096.919697649121,0.27931702
66,SUMIN,Fightman (Feat. sokodomo),112.34714673913044,790728,6341.476458069906,2990.033854573078,0.25189447
67,"SUMIN, Slom",신기루,129.19921875,346902,4356.362818759896,2038.1348345002573,0.19209923
68,Supreme Team & 영준,그땐 그땐 그땐,117.45383522727272,528514,4961.047473138069,2257.2530668165705,0.27817163
69,Supreme Team,땡땡땡,129.19921875,642196,5675.169486675983,2782.9438990539347,0.26270092
70,Supreme Team,말 좀 해줘 (Feat. Soulman),117.45383522727272,594940,5313.785220682777,2558.2358413468432,0.263095
71,The Quiett,"Airplane Music (Feat. Basick, Rimi, Beenzino, Fana＆San E)",129.19921875,456848,4642.223255164122,2175.027511497032,0.28945333
72,TWICE,CRUEL,123.046875,544276,6979.485225457581,3144.9258155056064,0.3285521
73,TWICE,TT,129.19921875,516218,5884.339650693725,2788.369981673384,0.2739772
74,UZA&SHANE,Kisscuse Me,103.359375,535948,5404.659228184961,2564.21482186124,0.25914463
75,W & Whale,R.P.G. Shine,99.38401442307692,534836,5227.432064052209,2537.292563952479,0.21058758
76,Wanna One(워너원),모래시계 (Prod. 헤이즈),95.703125,360024,4051.537840632295,1919.0414762481803,0.24983235
77,Wanna One(워너원),영원+1 (Prod. Nell),117.45383522727272,489404,4625.1761499074055,2115.0398659598213,0.23679361
78,YDG,"JaJaJa (Feat. Dynamic Duo, Crush)",92.28515625,410630,4265.972535669126,2062.1408513727424,0.2846104
79,YENA(최예나),Lxxk 2 U,161.4990234375,672906,7442.169690782896,3490.5461412907853,0.2771831
80,YUKIKA(유키카),Yesterday,99.38401442307692,469276,5266.369249710739,2443.263156738823,0.29702115
81,YUKIKA(유키카),서울여자,117.45383522727272,474092,5434.414233873009,2475.4087390243976,0.32764736
82,Zion.T,양화대교,86.1328125,389544,4588.957458502271,2062.1956810216466,0.16343404
83,Zion.T,잠꼬대 (Feat. 오혁),123.046875,218644,3962.072077304056,1890.6620740563492,0.23998833
84,가인,피어나,123.046875,649826,5788.88303199253,2769.6336748537974,0.3059551
85,거미,기억상실,99.38401442307692,538888,5111.89470589605,2363.467626385714,0.19510193
86,거미,미안해요 (Feat. T.O.P),123.046875,627880,6232.531411082474,2850.519235800305,0.15666221
87,기리보이,호랑이소굴 (Feat. Jvcki Wai),95.703125,391154,4673.703512972776,2189.726544096994,0.32735875
88,김동률,다시 사랑한다 말할까,143.5546875,460586,4683.53072234123,2051.594786849236,0.16862695
89,김범수,하루,135.99917763157896,546780,4624.565136946122,2139.442628148747,0.18714345
90,김연자,아모르 파티,135.99917763157896,464738,5146.251159804309,2404.114845311155,0.3123543
91,김완선,삐에로는 우릴 보고 웃지 (2019),107.666015625,445952,4817.610868566177,2257.445141701337,0.27176237
92,김원준,쇼 [Show],143.5546875,666045,5890.379720790987,2736.6483570994096,0.19852898
93,김윤아,봄날은 간다,99.38401442307692,345876,2869.7626779013176,1420.3561355138388,0.16545309
94,김진표,가지말걸 그랬어 (Feat. 주영),112.34714673913044,438308,4420.429285136065,2078.5512839641005,0.20186995
95,김진표,쿨하게 헤어지는 방법 (Feat. 잔디),107.666015625,650708,5406.923279719184,2690.8502644419887,0.21206199
96,김트와친구들,COWARD,172.265625,422252,4162.227811061495,1912.118588325028,0.18791078
97,김하온(HAON),붕붕 (Feat. Sik. K) (Prod. GroovyRoom),135.99917763157896,569780,5817.013745678208,2682.1009517908637,0.24805139
98,나얼,귀로,107.666015625,379900,3754.831078794933,1723.2294463506566,0.24416685
99,넉살,필라멘트 (Feat. BSK A.K.A 김범수),135.99917763157896,529612,5396.6743127143045,2453.2144819576424,0.27303004
100,노라조,우리동네 HERO (열혈사제 OST),172.265625,532066,5283.991012294458,2571.721678700176,0.29713818
101,노바소닉(Novasonic),또 다른 진심,135.99917763157896,567360,6563.946013202685,3125.8835039090363,0.23399578
102,노브레인,넌 내게 반했어,151.99908088235293,652190,5317.183034136523,2655.186359397166,0.2855351
103,다이나믹 듀오,북향 [Hemi's room] (Feat. 오혁),80.74951171875,394036,4337.526153990047,2052.306718353753,0.26615533
104,다이나믹 듀오,청춘 [Spring Time] (Feat. KimC),86.1328125,499252,4879.8935811231095,2290.6117449462777,0.25173873
105,듀크,천국에서 내린 비,103.359375,383190,5068.527254011824,2294.061260550933,0.19611104
106,드렁큰 타이거,8：45 Heaven,89.10290948275862,603830,4136.820290431208,1992.5499484184209,0.23835
107,딘딘(DINDIN),Must Be The Money (김과장 OST),112.34714673913044,425982,5409.085969570439,2455.3707908772103,0.3055167
108,딥플로우(Deepflow),"작두 (Feat. 넉살, Huckleberry P)",172.265625,646414,5402.645834781262,2462.818121465489,0.30679008
109,뜨거운 감자,고백,117.45383522727272,380310,4664.160886222466,2016.064113307857,0.24780114
110,래원(Layone),Mask On (Feat. 팔로알토 & 쿠기(Coogie)) (Prod. 코드 쿤스트),143.5546875,393032,4623.022441886339,2132.851640234042,0.28510594
111,러브홀릭,Love Holic,135.99917763157896,577162,5593.657798934927,2603.750533201316,0.24242228
112,럼블피쉬,으라차차,123.046875,714210,5150.736945443518,2528.0507298779294,0.30668867
113,레드벨벳(Red Velvet),러시안 룰렛 [Russian Roulette],129.19921875,661370,6827.006108424726,3244.389013494096,0.30665693
114,레드벨벳(Red Velvet),피카부 (Peek-A-Boo),151.99908088235293,464628,4791.287084553237,2382.915505371192,0.2696929
115,레인보우,To Me [내게로..],129.19921875,591854,5822.721242149863,2742.5546736731576,0.32173184
116,렉시,애송이,107.666015625,607908,6044.492972823498,2873.022246155587,0.28112134
117,렉시,하늘위로 (Remix),129.19921875,637616,7162.113423898576,3175.490908353252,0.23407795
118,로꼬,시간이 들겠지 (Feat. Colde),117.45383522727272,401644,3897.686727206104,1901.5540425323927,0.2112993
119,로시(Rothy),구름 (뷰티 인사이드 OST),86.1328125,412636,5509.887895731048,2478.988182369536,0.27125147
120,롤러코스터,내가 울고 웃는 사이,161.4990234375,308382,5023.144265463075,2082.252066583228,0.2121527
121,롤러코스터,"힘을 내요, 미스터 김",117.45383522727272,510134,4851.428032136582,2204.553342591471,0.22535011
122,리미와 감자,치킨,103.359375,543292,5397.391094738924,2714.083794644568,0.2746331
123,리쌍,내가 웃는게 아니야 (Feat. ALI),83.35433467741936,555326,5264.023398433948,2393.086151561409,0.25952995
124,리쌍,회상 (Feat. 백지영),99.38401442307692,371562,3411.9373412542964,1678.1805032957272,0.29281637
125,린,사랑.. 다 거짓말,66.25600961538461,354668,4098.212015120709,1901.2828095319376,0.2138346
126,"릴보이(lIlBOI), 원슈타인",Circle,107.666015625,355880,5677.098803143169,2676.1876084782416,0.20684192
127,"릴보이(lIlBOI), 원슈타인",LASER (Prod. PEEJAY),112.34714673913044,421158,4697.901826431764,2276.7727395905576,0.2434899
128,"릴보이(lIlBOI), 원슈타인, 미란이(Mirani)",HEAT,143.5546875,629668,6499.182498905273,3243.9158502649043,0.29817885
129,마마무(MAMAMOO),I Miss You,117.45383522727272,523102,5049.031585867967,2299.8891988752825,0.2924214
130,마마무(MAMAMOO),Love Lane,89.10290948275862,367700,5318.42618504264,2316.2920752226837,0.26073492
131,마마무(MAMAMOO),봄타,89.10290948275862,463230,5182.1351008628735,2343.477135061119,0.27869025
132,마마무(MAMAMOO),음오아예 [Um Oh Ah Yeh],103.359375,624304,6278.703104776273,2968.025142630365,0.31357116
133,마미손,"땡큐땡큐 (Feat. 장기하, YDG, 머쉬베놈)",103.359375,473078,5378.593225840449,2552.191461125224,0.3263328
134,머쉬베놈(MUSHVENOM),"여백의 미 (Feat. Jessi, JUSTHIS) (Prod. GroovyRoom)",112.34714673913044,626232,6551.955861968711,3010.792585791963,0.25578848
135,멜로망스,선물,161.4990234375,397950,3697.17311335918,1743.6458664399547,0.20707461
136,모모랜드,Same Same,123.046875,556570,6549.689737124738,2939.010136538685,0.2904237
137,모이다 밴드(Moida Band),Any More,103.359375,551254,5781.792447909967,2592.3470780209577,0.17272183
138,문별,머리에서 발끝까지(Shutdown) (Feat.Seori),143.5546875,593350,6861.265148359222,3022.9051720675047,0.2922903
139,미란이(Mirani),"Achoo (Feat. pH-1, HAON) (Prod. GroovyRoom)",143.5546875,562790,6187.512249037552,2831.353009234266,0.29064766
140,미란이(Mirani),티키타 (Feat. 릴보이 (lIlBOI)),99.38401442307692,412848,6404.9901805382415,2783.989067657555,0.33684322
141,"미란이, 먼치맨, 쿤디판다(Khundi Panda), 머쉬베놈(MUSHVENOM)",VVS (Feat. JUSTHIS) (Prod. GroovyRoom),143.5546875,887144,6196.900380202197,2867.145626304353,0.33203545
142,바비킴,일년을 하루같이 (쩐의 전쟁 OST),184.5703125,327622,4572.435318618801,2105.3980456734976,0.2210837
143,박기영,시작,151.99908088235293,489706,6224.908323545714,2721.33401937071,0.20567189
144,박문치,"Blink (With. 라라, 이아일)",89.10290948275862,291190,4931.919724148396,2112.5804511796296,0.27187142
145,박문치,네 손을 잡고 싶어 (Feat. 강원우 Of 일로와이로),112.34714673913044,397372,4473.623911348931,2106.85282929628,0.31508037
146,박미경,이브의 경고,135.99917763157896,742414,6224.290562272291,2870.5661234087456,0.26082563
147,박상민,헬스 클럽 아가씨,117.45383522727272,632396,5913.270228193958,2793.0462832856488,0.17250596
148,박완규,Alone,89.10290948275862,556580,4965.161819079552,2282.9827064319675,0.2782571
149,박재범,"All I Wanna Do (K) (Feat. Hoody, Loco)",95.703125,488426,5387.82231581774,2516.322639395731,0.24423422
150,박정현,꿈에,135.99917763157896,791130,4917.203328786803,2400.6045320875105,0.13524678
151,박지윤,Steal Away (주인공),99.38401442307692,518428,5281.41176510232,2412.881257767159,0.1975352
152,박지윤,미스터리 (Feat. San E),135.99917763157896,394146,5020.251123446559,2289.874533415034,0.27438468
153,박진영,"FEVER (Feat. 수퍼비, BIBI)",95.703125,456434,5813.582631549863,2749.2496719808346,0.24613445
154,박진영,난 여자가 있는데,89.10290948275862,563096,5875.395126650825,2675.2338241985203,0.16831717
155,박진영,날 떠나지마,123.046875,688658,6253.4494319432215,2854.872759785485,0.16851224
156,박혜경,카누를 타고 파라다이스에 갈 때,99.38401442307692,760482,5987.645584209929,2903.273460154061,0.1788646
157,박효신,눈의 꽃,143.5546875,480740,4220.77543499275,1925.9347936783224,0.15161356
158,방탄소년단,FAKE LOVE,151.99908088235293,841678,7335.59227453839,3566.263287829196,0.26403528
159,방탄소년단,MIC Drop (Steve Aoki Remix) (Feat. Desiigner),172.265625,556856,6300.082400131411,2865.68946635814,0.2910433
160,방탄소년단,Trivia 起：Just Dance,123.046875,548940,5928.091042235649,2698.4514956743324,0.2882797
161,방탄소년단,Trivia 轉：Seesaw,107.666015625,555942,6072.402849423854,2680.2240417866915,0.2677996
162,방탄소년단,봄날,107.666015625,973316,6712.007198622904,3254.0898727903304,0.3008072
163,배연서(WEBSTER B),"이로한 (Feat. ELO, Jessi) (Prod. Padi)",95.703125,670610,4909.875710006376,2382.9887988508617,0.23226236
164,"배연서(WEBSTER B), 윤진영(Clloud)"," Like It (Feat. 행주, 보이비)",117.45383522727272,621876,6347.875632702465,2933.478555497655,0.23948985
165,배치기,궁금해 가끔 (Feat. 구인회 of MAC),129.19921875,781772,6375.443221560679,3065.9655661373013,0.26400268
166,백아연,그래서 요즘 생각이 많아,89.10290948275862,341164,4291.818078155378,2057.3260869026035,0.24246353
167,백아연,변덕쟁이,117.45383522727272,431442,5255.653451988652,2324.841600055712,0.2850272
168,백예린,0415,117.45383522727272,336930,4630.048188606954,2078.837806371655,0.27369392
169,백예린,가끔,92.28515625,530787,4771.321193688058,2235.7315224111294,0.2673283
170,백예린,내가 날 모르는 것처럼 (Feat. 카더가든),151.99908088235293,524884,5498.464947101517,2500.840333808501,0.18612409
171,별,12월 32일,92.28515625,343054,3886.47180914162,1827.5015917544265,0.13849269
172,보아(BoA),"ONE SHOT, TWO SHOT",123.046875,387002,5109.61222890582,2322.4842953465545,0.2701268
173,보아(BoA),공중정원 [Garden In the Air],99.38401442307692,775574,6278.261388278654,2992.267046899416,0.24867411
174,볼빨간사춘기,Blue,117.45383522727272,380134,4608.334973719731,2186.0247593439863,0.27748466
175,볼빨간사춘기,XX,92.28515625,430488,4717.869624250409,2262.1141308209635,0.3042726
176,봄여름가을겨울,"Bravo, My Life!",89.10290948275862,531822,5190.303347579427,2309.330790058005,0.22069335
177,브라운 아이드 걸스,L.O.V.E,135.99917763157896,425576,5741.343419158618,2494.9836472711727,0.2575697
178,브라운 아이드 걸스,다가와서,75.99954044117646,563562,4896.9763654765775,2270.8352233390865,0.18031429
179,브레이브걸스(Brave Girls),운전만해 (We Ride),112.34714673913044,452534,5251.3566186159405,2477.695383246676,0.36156827
180,비,It’s Raining,103.359375,443608,5327.06198707364,2412.264433033153,0.28690508
181,비,태양을 피하는 방법,95.703125,484888,5441.8718662008405,2520.783790913992,0.16556418
182,비바 소울,Cry (Feat. 하동균),99.38401442307692,418214,5126.155819434002,2288.674798230176,0.25689498
183,비스트,12시 30분,99.38401442307692,518482,5428.792184417343,2446.8564743389816,0.29749566
184,비투비(BTOB),봄날의 기억,80.74951171875,442386,4972.540225355272,2165.350756357018,0.29067472
185,빅마마,Break Away,86.1328125,516244,4791.202379880711,2198.2499043613434,0.20315766
186,빅마마,체념,135.99917763157896,468226,3852.435432052168,1819.392818710973,0.1647851
187,빅뱅(Big Bang),Dirty Cash,129.19921875,608784,5918.589773420705,2887.495323062111,0.27735677
188,빅뱅(Big Bang),IF YOU,143.5546875,378382,4490.132534278777,2009.5392820655752,0.25992724
189,빅뱅(Big Bang),This Love,95.703125,611914,6081.588063656705,2947.511640259477,0.21652634
190,빅뱅(Big Bang),착한 사람,123.046875,398018,5041.256832971896,2326.7301187041357,0.20766553
191,빈첸(VINXEN),전혀 (Feat. 우원재) (Prod. GroovyRoom),99.38401442307692,387738,4719.0255060024965,2218.396051311122,0.24098392
192,샤크라,끝[End],143.5546875,398268,5089.49479357588,2298.115429340396,0.26087534
193,샵(s#arp),내 입술 따뜻한 커피처럼,92.28515625,395982,4537.07136186536,2102.0661735422486,0.20805943
194,"서울시립교향악단, 박인영",빨간 맛 [Red Flavor] (Orchestra Ver.),123.046875,411086,3670.406929411542,1817.553474853135,0.13614406
195,선미,24시간이 모자라,129.19921875,547530,5749.68980572575,2802.9822764549003,0.2391913
196,소녀시대,Gee,99.38401442307692,599794,6529.129635129498,3069.893093105937,0.1903241
197,소울라이츠,도시의 밤,89.10290948275862,383690,4077.2006330818967,1848.488949469857,0.20284271
198,송지은,희망고문,143.5546875,349430,4783.437448843366,2200.035643087825,0.28661397
199,수란(SURAN),오늘 취하면 (Feat.창모) (Prod. SUGA),143.5546875,642654,6834.297042430239,2973.910418714453,0.28895393
200,술탄 오브 더 디스코,Shining Road,103.359375,338380,4198.931598766297,1914.7903659888837,0.308475
201,술탄 오브 더 디스코,사라지는 꿈,112.34714673913044,410954,3443.9376474405794,1666.0900366249468,0.29144987
202,스윙스(Swings),악역 (Feat. 이하이 & 사이먼 도미닉) (Prod. 코드 쿤스트),89.10290948275862,464224,4302.8604112916255,2041.5967887705424,0.2984982
203,신승훈,I Believe (엽기적인 그녀 OST),129.19921875,284958,2945.7134184431934,1444.9914774529148,0.15961568
204,신현희와김루트,오빠야,112.34714673913044,424072,4398.941754448832,2061.532839615447,0.28253078
205,싸이,나팔바지,129.19921875,681792,6379.963833877132,3054.6869889374734,0.28433833
206,싸이,환희,117.45383522727272,554014,5942.732518233898,2812.5073698492038,0.2721074
207,"싹쓰리(유두래곤, 린다G, 비룡)",그 여름을 틀어줘,112.34714673913044,739212,6608.9309510255625,3204.0563028690244,0.3207903
208,씨야,그놈 목소리,135.99917763157896,698184,6772.526061306245,3364.155244850143,0.30061126
209,씨엔블루,Can`t Stop,129.19921875,540600,5632.312061747567,2507.6719627804923,0.2978152
210,아나야,큰 애기 놀아난다,129.19921875,416256,4742.673011976598,2326.6561973186986,0.22403471
211,아웃사이더(Outsider),"Luv Business (Feat. Bizniz a.k.a Young GM, J'kyun)",129.19921875,565854,6069.300040766457,2800.928277114293,0.24129541
212,아웃사이더(Outsider),슬피 우는 새 (Feat. 이수영),92.28515625,395682,3624.206604988608,1785.3938565955834,0.242915
213,악동뮤지션(AKMU),200%,103.359375,512344,5659.542308134191,2729.671197485409,0.22788838
214,악동뮤지션(AKMU),시간과 낙엽,184.5703125,400916,4345.889230695942,2004.952045539526,0.15268447
215,악동뮤지션(AKMU),째깍 째깍 째깍 (with Beenzino),112.34714673913044,400856,4398.945542848452,2040.303779119613,0.21104111
216,애니밴드,Promise You,107.666015625,587936,5442.040267651194,2602.874528918816,0.22635223
217,양요섭,카페인 (Feat. 용준형),99.38401442307692,356562,4500.372147359682,2066.521203061924,0.29438332
218,엄프,"그래도 (Feat. 마수혜, 쇼리 Of 마이티마우스)",95.703125,462536,4877.445508548339,2327.242083510335,0.26028058
219,업타운(UpTown),다시 만나 줘,107.666015625,529267,5749.169942004084,2617.842040949605,0.22752334
220,에반(Evan),남자도... 어쩔 수 없다,143.5546875,501502,5768.883190148715,2661.92830848946,0.14515042
221,에일리,첫눈처럼 너에게 가겠다 (도깨비 OST),135.99917763157896,428232,3964.5068974648752,1930.3031956459329,0.21403797
222,에피톤 프로젝트(Epitone Project),"봄날, 벚꽃 그리고 너",143.5546875,244392,890.1421168341709,640.2000278259007,0.0950252
223,에픽하이(Epik High),1분 1초 (Feat. 타루},151.99908088235293,411060,3918.4512948432766,1851.4556632219108,0.22730832
224,에픽하이(Epik High),Fly [Hidden Track],129.19921875,497674,5234.887409278963,2362.611978397528,0.25403976
225,에픽하이(Epik High),RICH (Feat. 태양),99.38401442307692,550898,4763.062907194833,2294.32959082428,0.2265858
226,에픽하이(Epik High),당신의 조각들 (Feat. 지선),95.703125,614268,3406.504413021564,1694.6444295321378,0.19456989
227,엔플라잉(N.Flying),옥탑방,95.703125,519360,5023.808535095982,2440.163184352992,0.31973767
228,영턱스클럽,정,135.99917763157896,570106,6504.174204361868,2834.256399875453,0.19565801
229,오마이걸(OH MY GIRL),Say It To Me (KARTRIDER X LINE FRIENDS Pt. 2),117.45383522727272,523752,7314.551671296183,3285.508920127998,0.2757348
230,오현란,조금만 사랑했다면,129.19921875,357884,4372.598955743762,1965.447397906305,0.2344074
231,왁스,오빠,143.5546875,628416,6465.2148843213145,2958.5443960795183,0.19419613
232,왁스,황혼의 문턱,117.45383522727272,471274,4983.122953401579,2153.554122852636,0.20102027
233,우원재,시차 [We Are] (Feat. 로꼬 & GRAY),99.38401442307692,403538,4730.10018004829,2302.0109382363253,0.32038632
234,울랄라 세션,미인,129.19921875,496254,5891.146266808273,2669.342264385012,0.241938
235,원더걸스, Rewind,103.359375,537138,5768.190101511521,2646.963095231472,0.26922044
236,원더걸스,So Hot,92.28515625,593793,6451.549746901992,3154.4550346082083,0.15588194
237,원더걸스,아름다운 그대에게,129.19921875,402854,5371.488638382059,2419.1327371180187,0.32257342
238,위치스,떳다 그녀,83.35433467741936,645970,5978.7636266348845,2895.817740341012,0.23262681
239,위키미키(Weki Meki),OOPSY,151.99908088235293,681844,6772.700192986244,3290.163072714294,0.3128457
240,위키미키(Weki Meki),Who am I,117.45383522727272,399464,5612.111106787843,2554.5821059770037,0.2670741
241,유빈,무성영화 (Feat. 윤미래),95.703125,502454,5551.27401112846,2610.814046015461,0.25410622
242,유빈,숙녀 [淑女],117.45383522727272,548300,5004.926399819902,2507.1099804101977,0.26417395
243,윤도현 밴드,잊을게,129.19921875,625676,4138.289559489709,2087.749635808776,0.19899365
244,윤하,내 마음이 뭐가 돼,143.5546875,582900,4115.364360934425,1978.131046121712,0.19697598
245,윤하,오르트구름,129.19921875,472462,5913.270411802142,2702.832731320882,0.2903685
246,이바다,야몽음인 (夜夢陰人),123.046875,574682,5248.674248264379,2507.34352636932,0.28480548
247,이수영,휠릴리,89.10290948275862,683048,6117.416393261667,2702.4783498521406,0.26648244
248,이승기,우리 헤어지자,135.99917763157896,283916,3668.0100066283326,1666.6989445426127,0.2294751
249,이용신,Smile,129.19921875,518712,5446.715778758618,2465.015559171464,0.30376816
250,이적,하늘을 달리다,117.45383522727272,792198,5000.529598185203,2521.137934210132,0.19329843
251,이하이,안봐도 비디오 (Feat. BOBBY),107.666015625,491756,4831.0279087111685,2319.578648904188,0.18861187
252,이현우,헤어진 다음날,151.99908088235293,333510,3339.235058782799,1535.5482240900371,0.21096104
253,익스,잘 부탁드립니다,103.359375,540452,5287.229273827848,2509.0999076115227,0.21776697
254,일기예보,인형의 꿈,69.83741554054055,582072,5577.877859097956,2489.761653319593,0.18316911
255,자두,대화가 필요해,161.4990234375,462256,5442.834001099239,2421.287163813048,0.13898985
256,자우림,매직 카펫 라이드,129.19921875,744758,5356.56004190988,2788.4788382893685,0.18610604
257,자우림,"스물다섯, 스물하나",161.4990234375,463610,3871.4561867156303,1873.4532697675688,0.22331333
258,자자,버스 안에서,135.99917763157896,545348,6147.511357455451,2815.075555925907,0.19942136
259,장기하와 얼굴들,그건 니 생각이고,103.359375,375126,4401.361439932901,2149.147779622677,0.19657703
260,장기하와 얼굴들,새해 복,129.19921875,449828,4476.849494918394,2181.8257385152265,0.33078796
261,장기하와 얼굴들,초심,135.99917763157896,426970,4339.789719826151,2110.8682429007977,0.23296912
262,장나라,아마도 사랑이겠죠,161.4990234375,496088,4597.837614769894,2086.519946028823,0.1791859
263,장미여관,참을만큼 참았어,103.359375,459194,5682.826150938347,2570.167542860396,0.23738958
264,장범준,흔들리는 꽃들 속에서 네 샴푸향이 느껴진거야,99.38401442307692,318264,5748.383351163211,2432.086676630062,0.30220032
265,잼 (Zam),난 멈추지 않는다,107.666015625,710844,5793.200243805548,2779.865604154995,0.17348376
266,전람회,기억의 습작,67.99958881578948,607118,3952.1596394407006,1959.5803923867784,0.19868208
267,전소미,어질어질 [Outta My Head],129.19921875,468058,5670.283974761172,2768.773775369041,0.16205671
268,정상수,달이 뜨면 (광대) Acoustic (Feat. 에스텔),172.265625,547568,5211.476410412398,2408.85198086777,0.19704852
269,제시(Jessi),"Put it on ya (Feat. BM of KARD, nafla)",172.265625,382710,5093.923206930515,2451.9495238077693,0.23554355
270,제이,슬프지만 진실,95.703125,658912,6494.056248365586,2801.334460924844,0.2199232
271,조성모,가시나무,107.666015625,430338,2483.065420705789,1291.627672179589,0.12036669
272,조성모,아시나요,129.19921875,544984,3876.722634338172,1877.882824090428,0.14277616
273,조수미,나 가거든 (명성왕후 OST),135.99917763157896,599172,3406.048659251462,1745.6258676343082,0.13133541
274,존 박,3월 같은 너,99.38401442307692,472790,5453.221456715138,2507.512472706472,0.29668006
275,존 박,strangers (Feat. 유라 (youra)),89.10290948275862,156620,2267.462856926877,1156.3430855057484,0.29149994
276,"주영, 조현아(어반자카파)",Door (Feat. Beenzino),143.5546875,475568,5139.5265326981935,2359.937373336079,0.26544172
277,주주클럽,센티멘탈,143.5546875,530998,6237.27117003737,2841.4384431760054,0.17874761
278,지니,자유로와!,172.265625,509420,5923.152315265904,2716.1679807035066,0.19939047
279,지조,"꿈 (Feat. Kebee, 효빈)",83.35433467741936,576774,4696.771750561768,2250.096138413276,0.24199694
280,지코(ZICO),ANTI (Feat. G.Soul),78.30255681818181,493398,5691.874490675755,2632.621626203579,0.26356933
281,지코(ZICO),아무노래,107.666015625,529282,5906.472443949465,2675.9911115793343,0.30601516
282,청하,Bad Boy,107.666015625,478310,5744.897615303628,2710.401907740687,0.34927467
283,청하,Call It Love,129.19921875,434510,4416.70463286516,2038.975469004808,0.18208551
284,체리필터,Happy Day,112.34714673913044,446276,5443.237680046164,2540.595754759629,0.289261
285,체리필터,유쾌한 마녀,135.99917763157896,689082,5530.678558844703,2626.052169394776,0.26686317
286,치치(CHI CHI),Longer (Remix Ver.),123.046875,380822,4973.855076085183,2388.665411704503,0.27905962
287,카니발(Carnival),그땐 그랬지,103.359375,656464,5510.119300246443,2646.0622281506176,0.20363955
288,카드(KARD),Dumb Litty,129.19921875,437204,5846.421211205084,2757.24316535605,0.34401336
289,카드(KARD),Trust Me (BM & Somin Ver.),103.359375,521888,4615.776762869346,2189.8523511110434,0.23442604
290,카라,Honey,143.5546875,579514,6125.969286266007,2892.0372992445755,0.2843424
291,카라,둘 중에 하나 [Runaway],117.45383522727272,425316,5741.422335744068,2548.102976070073,0.27103806
292,컨츄리 꼬꼬,콩가,135.99917763157896,462998,6684.934304760059,2907.422939982196,0.27555797
293,케이윌(K. Will),촌스럽게 왜 이래 [You Don’t Know Love],95.703125,541854,6724.293379432247,2847.412129285168,0.25554505
294,쿤타(Koonta),"PROTO TYPE (Feat. 베이식 (Basick), San E)",89.10290948275862,471862,4342.72186438968,2203.8054344428388,0.2596053
295,쿨,좋은 세상 만들기,99.38401442307692,662944,6215.01511852828,2884.7788625925973,0.21558194
296,쿨,해석남녀,86.1328125,628108,6171.281585589629,2902.3636187573284,0.19486372
297,크라잉넛,룩셈부르크,92.28515625,416156,4854.716749264456,2471.2426382884983,0.23052916
298,클래지콰이,Fill This Night,129.19921875,574866,6592.669876098633,2762.014180372834,0.32676318
299,클래지콰이,Love Mode (Feat. Tablo),117.45383522727272,523466,6228.236684988005,2777.9067342015383,0.2907948
300,클론,도시탈출,172.265625,627807,5944.020365612721,2856.6450180331194,0.3873614
301,클론,초련,143.5546875,873030,7117.328722821354,3415.695178439331,0.23688705
302,타블로,Dear TV／해열,172.265625,228894,2801.112712459032,1425.046066048759,0.1837862
303,태양,"눈, 코, 입",143.5546875,348372,3479.275977173591,1723.0625653579575,0.23440129
304,태연,Fine,86.1328125,512492,6544.709677552245,2887.71276051651,0.22811478
305,태연,Lonely Night,172.265625,487228,5558.8438765951805,2460.1399356662814,0.2588163
306,터보,X [The Greatest Love],135.99917763157896,754758,5574.729904246742,2690.905476704164,0.25484887
307,터보,회상 [December],103.359375,534926,5538.201380644818,2425.985542151091,0.23234297
308,토이,세 사람 (With 성시경),89.10290948275862,537806,4336.64042733778,2072.229296633703,0.24235885
309,토이,좋은 사람,103.359375,665856,5721.299215007606,2612.5527530523827,0.13032384
310,투투,일과 이분의 일,99.38401442307692,549818,5647.124168807689,2510.097329894074,0.11071605
311,티아라,Bo Peep Bo Peep,129.19921875,580654,6630.019253657172,2969.828291353465,0.3313798
312,티아라,너 때문에 미쳐,135.99917763157896,456032,6231.412780805409,2846.559373275624,0.36778364
313,틴틴파이브,머리치워 머리,143.5546875,564080,6067.222674884344,2711.0241629120155,0.27459428
314,패닉(Panic),그 어릿광대의 세 아들들에 대하여,161.4990234375,600284,4402.620490009466,2052.296862573351,0.21592912
315,패닉(Panic),내 낡은 서랍 속의 바다,129.19921875,487552,3438.4158636583984,1618.8528783651052,0.19037673
316,펄스데이,One,99.38401442307692,551788,5586.966371551742,2697.6202988675,0.27497795
317,프라이머리(Primary),2주일 (Feat. 리듬파워),135.99917763157896,619134,5033.148129739295,2448.347853717933,0.31720522
318,프라이머리(Primary),독 (Feat. E-Sens Of Supreme Team),161.4990234375,530192,4949.007491410643,2379.4257876422084,0.1924242
319,프라이머리(Primary),"씨스루 (Feat. Zion.T, 개코 Of Dynamic Duo)",112.34714673913044,540138,6117.858094365164,2771.8359287407043,0.3024164
320,프라이머리(Primary),"아끼지마 [Don`t Be Shy] (Feat. 초아, 아이언)",151.99908088235293,466012,5718.94619619246,2599.309405093966,0.30606416
321,"프라이머리(Primary), 오혁",eTunnel (Feat. 개코),117.45383522727272,530012,3963.98594388564,1869.5411392275853,0.21970616
322,프롬(Fromm),ALIENS (With 김필),112.34714673913044,427334,3954.468468314312,1885.8631794391888,0.26188886
323,프롬(Fromm),달밤댄싱,103.359375,316652,3587.8677397507886,1787.0910914086817,0.20990969
324,프리스타일,Y (Please Tell Me Why),80.74951171875,373578,3766.754230826513,1755.1048868035723,0.12824392
325,플라워,Endless,73.828125,522040,4105.3222966833255,2000.2818189476675,0.21250646
326,피비스,예감,123.046875,438566,4954.375939002404,2302.0598452908357,0.2047478
327,핑클,NOW,117.45383522727272,572860,5132.718948508366,2578.9262966471665,0.24136578
328,핑클,영원한 사랑,135.99917763157896,610818,5205.738610106399,2412.08419617046,0.20646012
329,한희정,내일 (미생 OST),135.99917763157896,269612,4085.0613783427793,1771.9670211195375,0.12852412
330,허니패밀리,좋은아침 (Feat. 박화요비),92.28515625,526274,5111.627330389231,2464.1563713921955,0.25301713
331,혁오(HYUKOH),Citizen Kane,99.38401442307692,405004,4869.426719061762,2226.851324106743,0.2837706
332,혁오(HYUKOH),위잉위잉,123.046875,298494,3452.3530446047407,1677.8570521566812,0.23473603
333,화사,LMM,135.99917763157896,419382,3336.7935262342503,1645.248934806405,0.19274656
334,황규영,나는 문제없어,123.046875,840950,7476.440229678003,3466.5105799115686,0.28427243
335,휘성,일년이면,129.19921875,500886,4916.635590069451,2231.526336511731,0.18013434
336,휘인,파스텔,107.666015625,280146,4958.764052972561,2280.716729370125,0.25681308
